Dates,f1,f2,f3,f5,f7
1976-06-30,0.0652,0.0760273751408187,0.0781175271759944,0.08061573279283296,0.0810079737746674
1976-07-31,0.062,0.07503978342749518,0.07662048518591558,0.08047397640083154,0.08226796688195459
1976-08-31,0.06,0.07263744339622646,0.073214893942122,0.079885556227276,0.08257975853708754
1976-09-30,0.0584,0.07003178382464093,0.07141624975572203,0.07838886100887166,0.08113205902985765
1976-10-31,0.055,0.06462183886255946,0.06761915133446039,0.07519594102531268,0.08191902580734078
1976-11-30,0.0529,0.06332568145122996,0.06652224813025343,0.07168270068604743,0.07714755515122351
1976-12-31,0.0489,0.05872289064734493,0.06282564587356232,0.0673313180329751,0.07048009834497693
1977-01-31,0.0529,0.0651353404881756,0.06862903771709039,0.07122288996462012,0.0777475283370308
1977-02-28,0.0547,0.06713644638285765,0.07143467849354312,0.07417680961823914,0.07989466663357869
1977-03-31,0.055,0.06683299526066344,0.07234088200784505,0.07623729083654673,0.07877986442422769
1977-04-30,0.054400000000000004,0.0648256449165403,0.07013472108661944,0.07514066643813244,0.07914201437168611
1977-05-31,0.0584,0.06661588246409678,0.07152543568166125,0.07527678192368881,0.08064195535188357
1977-06-30,0.057999999999999996,0.0646102930056709,0.06911912424462652,0.07317414101125652,0.07778451080904913
1977-07-31,0.0594,0.06601027940343585,0.06991627270948975,0.07336918063076214,0.0782321461628912
1977-08-31,0.0637,0.06850541506063723,0.07150912247482077,0.07391011709353568,0.07766804417682294
1977-09-30,0.0653,0.06890304139678949,0.07100475312421639,0.07340702203238525,0.07636182155487692
1977-10-31,0.0697,0.07250183228942686,0.07350179299599802,0.07515295679672795,0.07740587357684414
1977-11-30,0.0695,0.0733033754090695,0.0738017924938208,0.0752025186565628,0.07760587248184514
1977-12-31,0.0696,0.07400452505609612,0.0754040321069609,0.07750566327880049,0.07865492785567652
1978-01-31,0.0728,0.07700411073825508,0.07850402047408278,0.08010446165715046,0.08085328962593308
1978-02-28,0.07339999999999999,0.07800492826532524,0.0787027897458652,0.08070445917023972,0.08215491185243917
1978-03-31,0.0731,0.07850679340229272,0.07940401710935685,0.08100445792782351,0.08175328687987471
1978-04-30,0.0745,0.08030782689623073,0.08070337036883402,0.08175293869865041,0.08260259403345516
1978-05-31,0.0782,0.0820033481728808,0.08190100009256684,0.08345209968985756,0.08425198229213682
1978-06-30,0.0809,0.08390208159866774,0.0842009979670697,0.08450062332624397,0.08500064611406932
1978-07-31,0.0839,0.08590092259433524,0.08640069141415574,0.08539999999999992,0.08575004030957722
1978-08-31,0.08310000000000001,0.08430033237928147,0.08250044287251357,0.08329999999999993,0.08505100987946701
1978-09-30,0.0864,0.0850004510309279,0.08090707030240285,0.08460006918393681,0.08395004034675146
1978-10-31,0.09140000000000001,0.08560770569910225,0.08161456942786627,0.08595001726174956,0.08715036258574926
1978-11-30,0.1001,0.08833164257794746,0.08283954473765909,0.0854068761066924,0.08700064302772592
1978-12-31,0.10300000000000001,0.09143049864007247,0.0855415384032252,0.08706071460953035,0.08905100247464115
1979-01-31,0.1041,0.09312739788062685,0.08783535183998126,0.08751540391952495,0.08990144191148075
1979-02-28,0.1024,0.09202452830188657,0.08435048991656635,0.08890439091279112,0.0906001603445108
1979-03-31,0.1025,0.09331919274376421,0.08564587596748519,0.08930555250818029,0.09025100137327202
1979-04-30,0.1012,0.09441049763893905,0.08733344046694924,0.08980554997186241,0.09110064061497458
1979-05-31,0.1012,0.09441049763893905,0.0870353775737438,0.0897055504789408,0.09205004004759942
1979-06-30,0.09570000000000001,0.08871118006753687,0.08412000730504943,0.08700172070962675,0.08885004019477227
1979-07-31,0.0964,0.0864228018971176,0.0854109883360501,0.08840027536409067,0.08970016071264464
1979-08-31,0.0998,0.08942458628841599,0.08502803769774347,0.08940109937088692,0.09025004011369364
1979-09-30,0.1084,0.09285488993143254,0.0895372741930962,0.08991339570062418,0.09305035983549881
1979-10-31,0.1244,0.10548026503023844,0.09877833775586553,0.1015172967708764,0.10071011651667305
1979-11-30,0.12390000000000001,0.11232993148856685,0.0993062931440547,0.10556053638869978,0.10475666133438155
1979-12-31,0.1198,0.1080310859081981,0.09362428199993111,0.09986423707297076,0.10420000000000007
1980-01-31,0.1206,0.1094279850080313,0.09650323430754693,0.1053033136963557,0.10845035561074234
1980-02-29,0.1392,0.12922194522471897,0.11688882734429806,0.12240956768038957,0.12355190327149179
1980-03-31,0.1582,0.13947629079606294,0.12407946750918142,0.12605525778585025,0.11833499488972854
1980-04-30,0.133,0.11705648720211825,0.11066135261866683,0.11570542168606623,0.10619784506686392
1980-05-31,0.09390000000000001,0.0951003290977237,0.09420002740894162,0.10719459667922315,0.10440780396559224
1980-06-30,0.0816,0.09303003883136074,0.09270894450818101,0.09661550155592447,0.10052310017157451
1980-07-31,0.08650000000000001,0.09411329038196059,0.09751586047792271,0.09921160430588971,0.10618843994223237
1980-08-31,0.1024,0.10820762880986923,0.10830271501378097,0.1115574766025158,0.11225477839871978
1980-09-30,0.1152,0.11620022417503573,0.11569999999999991,0.11695042017120194,0.11445097966765938
1980-10-31,0.1249,0.11691422348653213,0.11850171250176156,0.11635376556400412,0.11615191585847628
1980-11-30,0.14150000000000001,0.1287358826106002,0.12911056554679123,0.1211380985644972,0.12410558065255017
1980-12-31,0.14880000000000002,0.13285571030640675,0.12794856268051014,0.12652638134127714,0.1237741179493066
1981-01-31,0.1408,0.12445894109396916,0.12511654264904548,0.12410955329290663,0.12385469200004984
1981-02-28,0.1457,0.13273687701841674,0.13111918251587618,0.13050949951416824,0.1295565157507632
1981-03-31,0.1371,0.13430172368305326,0.1339009507878921,0.13260165159427717,0.12816114035391402
1981-04-30,0.1432,0.13980252799160242,0.1397009459577534,0.13840164319928405,0.1350075179708714
1981-05-31,0.162,0.14724712564543907,0.1432374783261008,0.13958297183948254,0.13479150326757017
1981-06-30,0.14859999999999998,0.14161066515758325,0.13851267199480288,0.13441895550723215,0.12973006395055497
1981-07-31,0.1572,0.149811830279986,0.14751039710844038,0.14252109190907647,0.1374342569598055
1981-08-31,0.1672,0.15841658670322145,0.15442021080274393,0.14903127331106125,0.143743700784551
1981-09-30,0.16519999999999999,0.1640003089598352,0.15741482752003222,0.15496356237315267,0.14952955110063093
1981-10-31,0.15380000000000002,0.15700221875541676,0.15420041539259843,0.15275131476427783,0.15130242529211557
1981-11-30,0.1241,0.1335196512765766,0.13571406872670355,0.1378620892815774,0.13520061750174972
1981-12-31,0.1285,0.13731715551617185,0.14403629156229059,0.13510059382422024,0.13670015406285674
1982-01-31,0.1432,0.14820546710986693,0.14780128331970044,0.14665001635578556,0.14720015265177855
1982-02-28,0.14730000000000001,0.14910070600540415,0.14550211580307693,0.1425558980923629,0.14260244370722996
1982-03-31,0.13949999999999999,0.14430505484861778,0.1401009456264486,0.13755369563281983,0.13805095938771172
1982-04-30,0.1398,0.1442042463590103,0.14140010507267498,0.1373053191482938,0.1379013812153973
1982-05-31,0.1334,0.1422170813481558,0.13750002636590009,0.13720006592054368,0.13715003845984786
1982-06-30,0.1407,0.14871402647497156,0.14500002620850316,0.1435504094303599,0.14570061183461624
1982-07-31,0.1324,0.14362769339455994,0.14401055099286242,0.14175080600352352,0.14070000000000005
1982-08-31,0.1143,0.13217108498608976,0.13222405986330243,0.13572405453699665,0.1349075931971413
1982-09-30,0.1085,0.12717802435723935,0.12531678652563127,0.12580810315938407,0.12635471834667
1982-10-31,0.0932,0.11066923710208587,0.11485040580312234,0.11070549326269874,0.11080252798819612
1982-11-30,0.0916,0.10443752290216213,0.10340885729642602,0.10982729421428084,0.1090589241163955
1982-12-31,0.0891,0.10415164814984856,0.10321324978115332,0.10731973623387714,0.111678971898167
1983-01-31,0.0862,0.10044640950101247,0.10262639462974188,0.10617602667804826,0.11189336564838337
1983-02-28,0.0892,0.10364759456481831,0.10451996347354009,0.10787090886682194,0.11313575964518674
1983-03-31,0.0904,0.1028352531181218,0.10200886861048386,0.1044098360632919,0.10887104645209633
1983-04-30,0.0898,0.10163194164066769,0.10140988980553556,0.10411155248052073,0.10967902462935464
1983-05-31,0.08900000000000001,0.10083196510560155,0.10000792262961711,0.10587342073553829,0.10977902198823708
1983-06-30,0.0966,0.10702465803392291,0.10600533898209319,0.11096634081385215,0.11331583279586743
1983-07-31,0.102,0.11182178765880191,0.11321195985780963,0.11676625531265827,0.11700771549167799
1983-08-31,0.10529999999999999,0.11612638197774361,0.11761429814923319,0.12126835474967823,0.12120768644448732
1983-09-30,0.1016,0.11423602941176458,0.11632124723717219,0.11972188990865562,0.12061273126734573
1983-10-31,0.0981,0.11335259994535996,0.11472444100472123,0.11897844607848485,0.11946420492095533
1983-11-30,0.09939999999999999,0.11384715299254156,0.11562442110885596,0.12088424152921351,0.12111572184837116
1983-12-31,0.1011,0.11574839705748818,0.11712278239244767,0.12157837948511507,0.12382261710475206
1984-01-31,0.099,0.11384982711555969,0.1151228236113202,0.12033274496099455,0.12106734034703881
1984-02-29,0.10039999999999999,0.1154511177753541,0.11571831922037012,0.1227905689678106,0.1227673138934553
1984-03-31,0.1059,0.12034687584772574,0.12152114789461699,0.12668108791528643,0.12827068158857857
1984-04-30,0.109,0.12485627592425619,0.12562260886053567,0.12957548249403206,0.13036406701539138
1984-05-31,0.1166,0.1328587587318646,0.13312092959730903,0.1380293530153589,0.13766118074426226
1984-06-30,0.1208,0.13746146502498213,0.1372193848485237,0.1393149164626888,0.13760246826493194
1984-07-31,0.12029999999999999,0.1373644916540211,0.13481063703682872,0.1355559874824086,0.1355024728426546
1984-08-31,0.1182,0.13043327669468807,0.12640130775155956,0.12950540143971212,0.12925190310252965
1984-09-30,0.1158,0.12823445061839012,0.12620524282141976,0.12815602693394013,0.12775190564011196
1984-10-31,0.109,0.12304418394950445,0.12351681362087441,0.12375739502623406,0.12410390590067522
1984-11-30,0.09820000000000001,0.11486272992169,0.1140169580850452,0.11978128146353928,0.11891006741183063
1984-12-31,0.0933,0.11036608433183925,0.11323936268119628,0.11839414455723118,0.12405697588497033
1985-01-31,0.0902,0.10847595853971725,0.11436832867163127,0.11684247971845863,0.121245661710782
1985-02-28,0.0929,0.11057085735199901,0.1131393662582032,0.12005710548861415,0.12218788572978001
1985-03-31,0.0986,0.11566576551975238,0.11733135715090004,0.12228732368379158,0.1257353550745668
1985-04-30,0.09140000000000001,0.11048269195528682,0.11294365349646074,0.11794592247709557,0.12169298224638925
1985-05-31,0.08460000000000001,0.10327974368430759,0.1047355815440758,0.11230952363551738,0.11675735348108263
1985-06-30,0.078,0.09587347866419282,0.09773581095386175,0.1043020553850269,0.11289217230904347
1985-07-31,0.0786,0.09687677544965667,0.10004642214211623,0.10484647391604707,0.11318456626887263
1985-08-31,0.0805,0.0983733086534011,0.1005377423317757,0.10564291530062997,0.1118107066482752
1985-09-30,0.08070000000000001,0.0989766262607572,0.10154192001384454,0.10473321233169397,0.11322381132099046
1985-10-31,0.0801,0.09716689195444861,0.100341966278789,0.10353324883650417,0.11167049213343794
1985-11-30,0.0788,0.09284542083796832,0.09482488935941946,0.09882757013264176,0.10474635222083162
1985-12-31,0.0767,0.0863213987183058,0.08901735039068615,0.0922688460388632,0.10065820421523575
1986-01-31,0.07730000000000001,0.08551560382437562,0.08952024061531905,0.09086261361683223,0.09909939278900781
1986-02-28,0.0761,0.08331204349038179,0.08360469763343947,0.08700999444513524,0.09182328587765953
1986-03-31,0.0703,0.07390302718863873,0.07480226721385486,0.07700447455050785,0.08196797190273308
1986-04-30,0.0644,0.06960635099586598,0.07180720134845409,0.07335633609900016,0.0743549476601264
1986-05-31,0.0665,0.07491654008438808,0.07671121459955854,0.0789609287783768,0.07975688078541987
1986-06-30,0.0673,0.07631897310971647,0.07871481745841691,0.0798592377701659,0.08025492052699046
1986-07-31,0.06269999999999999,0.0707150559894607,0.07241015883576596,0.07360702071772662,0.07621046924220276
1986-08-31,0.0593,0.06731510431416976,0.06810722641978595,0.07266692880940306,0.07536808307419096
1986-09-30,0.057699999999999994,0.06933180485960078,0.07162058157758122,0.07371583465657205,0.08185311961719655
1986-10-31,0.0572,0.0684296632614454,0.07122214965644846,0.07236283269561716,0.08271897401804029
1986-11-30,0.057999999999999996,0.06762177693761817,0.06820915081613821,0.07211585846583035,0.07884202619557845
1986-12-31,0.0587,0.06671511287427978,0.06750723050186647,0.07031015132750396,0.07723696483437115
1987-01-31,0.057800000000000004,0.06681914350538865,0.06770915512564679,0.06985932461440081,0.07623220653111629
1987-02-28,0.0596,0.06841827104567777,0.06880722166317987,0.07135931148381869,0.07737990362547764
1987-03-31,0.0603,0.068114344996699,0.06900722030530049,0.07105776080382964,0.07737990362547764
1987-04-30,0.065,0.0754253896713617,0.079225252503204,0.0794609236847239,0.08482752696164209
1987-05-31,0.07,0.08525398130841078,0.08541883473489209,0.08621000184979577,0.08996783896850147
1987-06-30,0.068,0.08345551498127346,0.08321744401359621,0.08320695818785184,0.08897534290052844
1987-07-31,0.0668,0.08205414323209625,0.0834251536953694,0.0841626920895393,0.08922741469025941
1987-08-31,0.0703,0.08474843501821905,0.08592184721400109,0.08756460316826531,0.09267948071620569
1987-09-30,0.0767,0.09014169220767143,0.09333018568448814,0.09346258342545455,0.10064118397451738
1987-10-31,0.0759,0.09216098150385732,0.0945339387016444,0.09576878535430877,0.10098377583073548
1987-11-30,0.0696,0.08424982236350043,0.08592509524743819,0.08892251458063649,0.09544675069935771
1987-12-31,0.0717,0.0855444247457311,0.08672029320290675,0.08931776515914391,0.09750532131270084
1988-01-31,0.0699,0.08273828395177119,0.08351606693672986,0.08646671213254109,0.09233644815624498
1988-02-29,0.0664,0.07722734433608425,0.07781120308273848,0.08206902514850323,0.08798909040459546
1988-03-31,0.06709999999999999,0.07832938806110024,0.07961480501762552,0.0832690039002768,0.09095267058190748
1988-04-30,0.0701,0.08173143631436308,0.08311607291456236,0.08732254800672035,0.093494104297003
1988-05-31,0.07400000000000001,0.08603351955307259,0.08721601185185168,0.09092003542407379,0.09668877674494358
1988-06-30,0.07490000000000001,0.0857271281049401,0.08601003087027892,0.08896263577154229,0.09508395975880779
1988-07-31,0.0775,0.08812606960556857,0.08760709621609286,0.08990837151211672,0.09537519346095547
1988-08-31,0.0817,0.09091956180086891,0.09050541519470245,0.09195498313987893,0.09606451030455143
1988-09-30,0.0809,0.08831266537144966,0.08790334798744337,0.08870248733287833,0.09321305247947342
1988-10-31,0.08109999999999999,0.08590532790676142,0.0859017724711979,0.08630110684086212,0.09141307414931199
1988-11-30,0.0848,0.08860332780235991,0.08820069026872823,0.0889508451513823,0.09140402335783193
1988-12-31,0.08990000000000001,0.09190091751536822,0.09150011000763891,0.09060006873587101,0.09230064178965991
1989-01-31,0.09050000000000001,0.09310154974782225,0.09240010991695136,0.09075042922548171,0.09115004008061911
1989-02-28,0.0925,0.09490131807780289,0.09220068564113482,0.09195042875435933,0.09130064049774234
1989-03-31,0.09570000000000001,0.09790110431687515,0.09470133997745478,0.09360171035021025,0.09230255591028769
1989-04-30,0.09359999999999999,0.09540074067300663,0.09300068514005733,0.091501713632832,0.09090144059261984
1989-05-31,0.0898,0.09060014681592943,0.08900044023233855,0.08805084295433718,0.08805036148725676
1989-06-30,0.08439999999999999,0.0838000829952048,0.08290044270912689,0.08170110718127166,0.08360016161802619
1989-07-31,0.0789,0.07750045416628049,0.07850002782501142,0.07830000000000004,0.08215491185243917
1989-08-31,0.0818,0.08100014790164511,0.08110002774096081,0.08030027742671142,0.0816001619170974
1989-09-30,0.08220000000000001,0.08340033265570135,0.08220011081696699,0.0803514026783183,0.08380145644526449
1989-10-31,0.0799,0.07970000926011678,0.08100044458165412,0.07895043391393752,0.08180145914388492
1989-11-30,0.07769999999999999,0.07830008351118112,0.07800000000000007,0.07825001739359005,0.07985101475154766
1989-12-31,0.07719999999999999,0.07840033419977743,0.07750002783361687,0.07720006959049819,0.08100406220918632
1990-01-31,0.07919999999999999,0.08260267790956277,0.0821004441291604,0.0810500173399713,0.08400259067330951
1990-02-28,0.08109999999999999,0.08630625289057425,0.0843001107385648,0.08465015569497569,0.08630145308599424
1990-03-31,0.08349999999999999,0.08910723580987567,0.08630000000000004,0.08555015533667754,0.08775100736813846
1990-04-30,0.084,0.0904094464944647,0.0890009935602245,0.08755001723635991,0.08910064367814519
1990-05-31,0.0832,0.08960945347119664,0.08790069045936932,0.08815043130548994,0.08880064385576047
1990-06-30,0.081,0.08600578168362616,0.08500069230767626,0.08475015568061206,0.0874532695940784
1990-07-31,0.0794,0.08380448397257734,0.08460277452344367,0.08435084874284238,0.0878568293058728
1990-08-31,0.07780000000000001,0.08340727407682325,0.0854071106704486,0.08770838853629126,0.09141615284182625
1990-09-30,0.0776,0.0840095025983667,0.08651002622707726,0.08870997874657793,0.09493165078633914
1990-10-31,0.0755,0.08211012552301256,0.08451004482572344,0.08721173321072118,0.09242733361186906
1990-11-30,0.0731,0.07890783710744587,0.08020546705407572,0.08441364986552236,0.08932741214927953
1990-12-31,0.0705,0.07570631480616519,0.07790716039230161,0.08121179874307627,0.0867796423741054
1991-01-31,0.0664,0.07622251500375077,0.07881751571463069,0.0818178893021766,0.08647965064137675
1991-02-28,0.06269999999999999,0.07473387597628678,0.07501238763513474,0.08057664928432784,0.08382755260623043
1991-03-31,0.064,0.07804605263157893,0.07851752062480721,0.08403083051399007,0.08577149805417927
1991-04-30,0.062400000000000004,0.07664744917168687,0.07792201077651151,0.08408865428568801,0.08471968118173279
1991-05-31,0.0613,0.07433980966738929,0.07803251246337384,0.0857589356621995,0.08542342440651218
1991-06-30,0.0636,0.07563384731101874,0.08255193000504502,0.08770286072578326,0.08747146415978624
1991-07-31,0.06309999999999999,0.07533500141096772,0.08305945663700842,0.0870990892623118,0.08752337877040284
1991-08-31,0.057800000000000004,0.07083994138778604,0.07543863346122714,0.08381974893319111,0.08518919243469658
1991-09-30,0.0557,0.06793524675570728,0.07142896106686947,0.08107218484742829,0.08334727952177445
1991-10-31,0.0533,0.06493193771954808,0.06872903497259664,0.07837236850016249,0.08205921901962077
1991-11-30,0.0489,0.06234279721613145,0.06583288862618453,0.07709188861966831,0.08167960500875071
1991-12-31,0.0438,0.056840477102893194,0.06113706028905441,0.07401400671158065,0.07950324197178227
1992-01-31,0.0415,0.05776299567930887,0.06285541268915429,0.07512568838321054,0.0785873263600656
1992-02-29,0.0429,0.06138115830856283,0.06747428579234005,0.078831349623945,0.07915938043924586
1992-03-31,0.0463,0.06760738793844978,0.07166825746538685,0.08115482481766834,0.08038936858816403
1992-04-30,0.043,0.06390370086289554,0.07119932121485051,0.08067805601752265,0.08080618801545092
1992-05-31,0.04190000000000001,0.0628038103464823,0.06979608040939445,0.08023741712286592,0.07990623549583842
1992-06-30,0.0417,0.0593743400211193,0.06708653819796617,0.0781376907737883,0.07957262141214705
1992-07-31,0.036000000000000004,0.051255752895752904,0.060187111368444235,0.0725048070560872,0.07671204722869529
1992-08-31,0.0347,0.0491501014786897,0.05788101822623304,0.06933884945403612,0.07431230250770415
1992-09-30,0.0318,0.04604885636751277,0.05488125257727572,0.06836573881767483,0.07424004583037491
1992-10-31,0.033,0.048658896418199316,0.057690554123505766,0.07056538982990235,0.07537565210174635
1992-11-30,0.0368,0.05487812500000011,0.06269012041024391,0.07404465611958866,0.0762337248505367
1992-12-31,0.0371,0.056388863176164206,0.0629837206826418,0.07398507664687659,0.07415966082528103
1993-01-31,0.035,0.05287653140096649,0.060183945628924596,0.07194494603721546,0.07342659281294872
1993-02-28,0.0339,0.048148757133184894,0.05546649974669693,0.06717971129599198,0.06978050539222802
1993-03-31,0.0333,0.04573720120003877,0.05305852588969473,0.0638622281531036,0.0684420807850179
1993-04-30,0.032400000000000005,0.044434870205346755,0.05226122278170031,0.06387400757124295,0.06748825039789241
1993-05-31,0.0336,0.04603719040247678,0.05245096292764373,0.06411508918605735,0.06818819154790057
1993-06-30,0.0354,0.04783712574850307,0.052739476411282515,0.06263549400102164,0.06591335975097445
1993-07-31,0.0347,0.04673479269353442,0.05153740254767314,0.060878292601241224,0.06461343827449939
1993-08-31,0.0344,0.045630317092034245,0.05083742775147937,0.06043073853929548,0.061542719483149044
1993-09-30,0.0336,0.043423229489163884,0.04812961151006445,0.055756496733962546,0.05960125879938305
1993-10-31,0.0339,0.04352228455363183,0.04802778346109937,0.05510059836727632,0.059048378515356825
1993-11-30,0.0358,0.047432477312222554,0.05183333115807853,0.05905631816423362,0.06431345642296082
1993-12-31,0.0361,0.04813474568091891,0.052031383250335184,0.06071680366531318,0.06309538139920723
1994-01-31,0.0354,0.04743476917133482,0.05163333756625832,0.06011684206606693,0.06284820329839524
1994-02-28,0.0387,0.050734658708000424,0.05553725917460617,0.06260816457014684,0.06524256929164252
1994-03-31,0.0432,0.05684432515337434,0.062045772335600935,0.06755191808024597,0.0713478159234795
1994-04-30,0.0482,0.06285083953444026,0.06875510251528105,0.07319973357615828,0.07503224286100729
1994-05-31,0.053099999999999994,0.06634136359320131,0.0708388013582868,0.07443415931914843,0.07587169758576695
1994-06-30,0.0527,0.06594137931034472,0.06953277362762944,0.07348264526037429,0.07436810003844596
1994-07-31,0.0548,0.0678400549867273,0.0718346654089963,0.07558258083408731,0.07646806445020027
1994-08-31,0.0556,0.06803641530882931,0.07142896106686947,0.07452543764672814,0.07511327370770604
1994-09-30,0.0576,0.07023752836611208,0.07292540217908128,0.07667674675872349,0.0778163581870901
1994-10-31,0.0611,0.07353622655734604,0.07662703823900463,0.07942271451359839,0.0803132093863872
1994-11-30,0.0654,0.0776349258494462,0.08022356767293459,0.0814136879959797,0.08105491687081678
1994-12-31,0.07139999999999999,0.08041890050401368,0.07950401673584628,0.07885085307725115,0.0785001623828514
1995-01-31,0.0705,0.07971976646426904,0.0796062814056766,0.0791017418634885,0.07865036544618764
1995-02-28,0.067,0.07521575445173379,0.07530549207529869,0.07550251795191265,0.07615199725143618
1995-03-31,0.0643,0.0713115099126187,0.07110340068035947,0.07290449171790514,0.07365331176069323
1995-04-30,0.06269999999999999,0.06870846899407201,0.0690034073838266,0.07130569620174354,0.07175331765157433
1995-05-31,0.06,0.06340272641509448,0.06470282654411363,0.06620345893175328,0.06725333168760805
1995-06-30,0.0564,0.05800060583112443,0.05960181657614316,0.061252995651063236,0.06350595069281573
1995-07-31,0.0559,0.059703418884363924,0.061103432840113214,0.06190255029737557,0.06676491171267918
1995-08-31,0.0575,0.06210500236406613,0.06340407777929413,0.06450346447508637,0.06836191064380204
1995-09-30,0.0562,0.060003417913274015,0.06050181503060781,0.06165214292449761,0.06455697951377148
1995-10-31,0.0559,0.05810114594185034,0.05910139103548118,0.05995143610226128,0.0624550033069593
1995-11-30,0.054299999999999994,0.055300237124158214,0.05750230440948667,0.058702558029209095,0.061808118724842265
1995-12-31,0.053099999999999994,0.05330000949577429,0.055301396055520646,0.056902562399003154,0.059305974393998984
1996-01-31,0.0509,0.05130003806261296,0.053802312523603346,0.05600456389401054,0.059913465367378516
1996-02-29,0.049400000000000006,0.05120077186963967,0.0536034573619506,0.05741027592508652,0.0629280997303816
1996-03-31,0.053399999999999996,0.05980972090374026,0.06050480037792094,0.062405744136862173,0.06742000281776006
1996-04-30,0.0554,0.06381671404206957,0.06410637333443159,0.06585638089677004,0.06931334619374496
1996-05-31,0.0564,0.06562003029155616,0.06610817590060059,0.06795778345030445,0.07111332361349976
1996-06-30,0.0581,0.06792269161704922,0.06871019421683267,0.06990704511887258,0.07180804257853213
1996-07-31,0.058499999999999996,0.06691666509211136,0.06810915167771547,0.06925636051020545,0.07060591105132707
1996-08-31,0.0567,0.06391226459733157,0.06570917240434793,0.06660572141566412,0.06845695391293583
1996-09-30,0.0583,0.06631511858641215,0.06770915512564679,0.06885636290186103,0.07055694020550729
1996-10-31,0.0555,0.06271227854097572,0.06420819057581362,0.0655563827018606,0.06795926950075049
1996-11-30,0.0542,0.05980743691899071,0.060604088585445304,0.06195398766443416,0.06425698149087644
1996-12-31,0.0547,0.06090911159571455,0.06170479492999803,0.06310453329085575,0.06525697490487925
1997-01-31,0.056100000000000004,0.06411515008048485,0.06460637032700878,0.06585510568569641,0.06820806982609828
1997-02-28,0.0553,0.06271297261442244,0.06290478949442768,0.06455511194728691,0.06620593555539012
1997-03-31,0.057999999999999996,0.06641667296786391,0.06700723390712482,0.06780451325719805,0.06925497135647452
1997-04-30,0.0599,0.06911996414756105,0.06930721826943742,0.06985395810817119,0.071104099896242
1997-05-31,0.0587,0.06691587796354015,0.0670055349848131,0.06795396517655217,0.06885332668343191
1997-06-30,0.056900000000000006,0.06491513861292453,0.06540636552103063,0.06590345990869917,0.06660263306347836
1997-07-31,0.0554,0.06241160697365933,0.062203429272797095,0.06300254765034108,0.06400263951706453
1997-08-31,0.0556,0.0632136794240239,0.06300407931953189,0.06310176814502166,0.06615696898809587
1997-09-30,0.0552,0.06241228203184246,0.06180283428831301,0.06305299056210889,0.06425334111113212
1997-10-31,0.0546,0.060809112459700554,0.05980139011467189,0.06065143515232352,0.06350595069281573
1997-11-30,0.0546,0.05960592641759899,0.05860070960008357,0.05860028367899939,0.06150413711514591
1997-12-31,0.0553,0.059103420828200415,0.0578001135145354,0.05815015959710568,0.059801489502463445
1998-01-31,0.0524,0.05480136830102622,0.0542001139024233,0.054800284702009705,0.058055024200558636
1998-02-28,0.053099999999999994,0.05530114898870031,0.054500028458497995,0.05580064029594878,0.0587550208649128
1998-03-31,0.053899999999999997,0.05730274219565423,0.05590002842075337,0.05670028418958406,0.059604144561637096
1998-04-30,0.0538,0.05740307458720828,0.05620011368660349,0.05655015983897638,0.05925335693602718
1998-05-31,0.054400000000000004,0.057402133915023024,0.056500113654301076,0.05660007101824349,0.05945335630015358
1998-06-30,0.0541,0.056301147898681236,0.055199999999999916,0.055199999999999916,0.0566006635070917
1998-07-31,0.0536,0.055600949126803245,0.054900028447703475,0.0544500177772862,0.05670149388210577
1998-08-31,0.0521,0.05330034217279711,0.051800256458964355,0.05315016035539433,0.05585336778286032
1998-09-30,0.0471,0.04630015280297961,0.045200716423595244,0.04620000000000002,0.051108201814557885
1998-10-31,0.0412,0.04060008643872459,0.043602335191042174,0.04180000000000006,0.05163296804452
1998-11-30,0.0453,0.045500009566631805,0.0463002582990506,0.04495016136743901,0.053824133283935094
1998-12-31,0.0452,0.045000009567546906,0.044200258323763286,0.0440501615064357,0.051516770472414875
1999-01-31,0.0451,0.04730115778394439,0.04590002867429166,0.04585001792343113,0.05301674639999954
1999-02-28,0.047,0.05060309455587397,0.04940011442374881,0.049250017874449714,0.05576506820615701
1999-03-31,0.0478,0.053206957434625,0.05230102827759753,0.05185016055373115,0.04965104003228604
1999-04-30,0.046900000000000004,0.05270803324099749,0.05130071453521645,0.051550446336465106,0.05781666983054756
1999-05-31,0.048499999999999995,0.05651525989508821,0.054901824690223755,0.05605215431960375,0.06141661286139155
1999-06-30,0.051,0.06142572787821132,0.05860181829649358,0.05975214677715868,0.06652384329234518
1999-07-31,0.050300000000000004,0.06072574502523098,0.05760139301275635,0.057700639144010246,0.06592801986396801
1999-08-31,0.052000000000000005,0.06162190114068444,0.05950230004714108,0.05945086872585015,0.06928978207156433
1999-09-30,0.0525,0.06071597149643693,0.0593023004826323,0.05875044329733936,0.06924240810593485
1999-10-31,0.054299999999999994,0.06291753770274111,0.06100181417311301,0.061651433797448085,0.07083718827055496
1999-11-30,0.0555,0.06170910468972024,0.06040102040812667,0.060450442585798125,0.0667165296951997
1999-12-31,0.0584,0.06360638699924404,0.062200452460245303,0.06265044166836331,0.06856488641360703
2000-01-31,0.061200000000000004,0.06760964945344905,0.06590070473265408,0.06715142639112237,0.07000591438086912
2000-02-29,0.0622,0.07001431933722468,0.06730045029549947,0.06725015823526581,0.0682006562910007
2000-03-31,0.0622,0.06840904726040264,0.06529999999999991,0.06455015839864764,0.0653500410817407
2000-04-30,0.061500000000000006,0.06650588789448908,0.0628004510712874,0.061101762604505394,0.06295004117453273
2000-05-31,0.0633,0.0729216683908589,0.06690044934002493,0.0657011237708447,0.06689999999999996
2000-06-30,0.0617,0.06790905152114513,0.06330070424737722,0.061052976702826056,0.06405037046619366
2000-07-31,0.0608,0.06600637254901942,0.06160101541929475,0.06030176393106057,0.06320065938204711
2000-08-31,0.061799999999999994,0.06280023544923719,0.06050101647055239,0.05895213653403375,0.06025004124829114
2000-09-30,0.0613,0.06030023556016206,0.059001017907598374,0.057951432310035855,0.06105103276517143
2000-10-31,0.0601,0.05810094330723503,0.057301019541170284,0.05675086787787276,0.059901489361612104
2000-11-30,0.060899999999999996,0.056704156847959375,0.05610229440072256,0.055651435423605955,0.05980265000917995
2000-12-31,0.055999999999999994,0.05100591856060621,0.05080230594021895,0.05035144265015079,0.05555503614984869
2001-01-31,0.0481,0.047100238526858185,0.04790002863779552,0.04995144981141286,0.05808045472459478
2001-02-28,0.046799999999999994,0.04640003821169292,0.04810071672026939,0.05160580340000731,0.056268412688355474
2001-03-31,0.043,0.04380015340364363,0.04610232959428506,0.049557920636405184,0.054824110194348075
2001-04-30,0.0398,0.044806010771302196,0.04801039679616137,0.05272076877783061,0.05708048383298081
2001-05-31,0.0378,0.04742220080940451,0.05011799826066721,0.05563166887596127,0.06019012758878883
2001-06-30,0.0358,0.045824135933577814,0.048921030852627334,0.055038049001874256,0.059695528846467116
2001-07-31,0.0362,0.04461702374059051,0.048521038945295025,0.0543864260715492,0.058137639747080305
2001-08-31,0.0347,0.04050812795979519,0.04602268808453647,0.053700666511961925,0.05518053929248956
2001-09-30,0.0282,0.03420875316086347,0.041131715331351515,0.05133144952205404,0.05491403038231035
2001-10-31,0.0233,0.031315635688458965,0.03964915515376033,0.05075791830950016,0.05316749571435442
2001-11-30,0.0218,0.03383523194362903,0.041056589686648826,0.051052302225824464,0.055535395381511865
2001-12-31,0.0222,0.040077489728037374,0.04647580123168038,0.05555741778117351,0.060442788039308804
2002-01-31,0.0216,0.039074089663273304,0.046281931960292955,0.05521029168122649,0.0592350919087119
2002-02-28,0.0223,0.03816104861586611,0.04618193992692321,0.054351975809941555,0.05742065040275768
2002-03-31,0.025699999999999997,0.04559555425563033,0.05309763268133416,0.056464878788163864,0.061466959832054746
2002-04-30,0.0248,0.0436862217017957,0.052001168620492866,0.05617391472088151,0.0595073336615326
2002-05-31,0.0235,0.04178090864679995,0.04888486586552099,0.05533609592371391,0.059320521683392524
2002-06-30,0.022000000000000002,0.03786106653620358,0.04497294045150646,0.05248887668897129,0.05632072513949149
2002-07-31,0.0196,0.031635307963907566,0.039159320251978214,0.05021664418434124,0.05535142742313215
2002-08-31,0.0176,0.025013453223270643,0.0330447352216352,0.044558571770758615,0.05369786428200163
2002-09-30,0.0171,0.02290826860682338,0.02963014914263762,0.038770511858646994,0.04913364429949252
2002-10-31,0.0165,0.021706650270536088,0.02933406787102677,0.04008995573528429,0.05029835401205318
2002-11-30,0.0149,0.023518218543699287,0.031247157372790824,0.041547769209985264,0.05129820963738552
2002-12-31,0.014499999999999999,0.022314992607195716,0.030144862772241154,0.042417535319469124,0.051453313537740186
2003-01-31,0.013600000000000001,0.02121424625098678,0.030657168986777616,0.043689087813710836,0.04987876968366334
2003-02-28,0.013000000000000001,0.01961075024679171,0.028952142969334016,0.04188293151743716,0.0483789578955609
2003-03-31,0.0124,0.01901075661793783,0.028049717294147847,0.0399178238282234,0.047533852912666985
2003-04-30,0.0127,0.019712096376024446,0.029457236593208425,0.04248925158175587,0.048324268791095415
2003-05-31,0.0118,0.01660569282466895,0.02413224751906906,0.03685939442801356,0.04457943717056656
2003-06-30,0.0101,0.014504791604791567,0.02072325564088806,0.03420682200099057,0.04278937630158319
2003-07-31,0.011200000000000002,0.018212114319619888,0.02856265489887644,0.042962787550437476,0.049143472530494225
2003-08-31,0.0131,0.024129858849076813,0.03609926521616447,0.04780854534042245,0.054497749520923566
2003-09-30,0.0124,0.021821819438956558,0.03277989208930032,0.04621578355824729,0.05153333259611581
2003-10-31,0.0125,0.022524691358024818,0.03287681608799309,0.04600882483636237,0.0516333196400256
2003-11-30,0.0134,0.02523434971383476,0.03497971936196276,0.04562931245074986,0.05121482037974712
2003-12-31,0.0131,0.02513553449807482,0.03508283395814282,0.045276262203415296,0.05101484267259049
2004-01-31,0.0124,0.022826708810746776,0.03297680852665241,0.044082645164600365,0.049869481931538395
2004-02-29,0.0124,0.022424693796918582,0.03277682365082235,0.043123465371622816,0.04901506607805417
2004-03-31,0.011899999999999999,0.019715031129558414,0.02845216867062139,0.03986487221344448,0.046215380309921006
2004-04-30,0.0143,0.027140382529823537,0.03577359896637122,0.04632307967028293,0.05150604471583331
2004-05-31,0.0178,0.032855266260562344,0.042495241025291675,0.049852421441208605,0.0546893405318809
2004-06-30,0.0212,0.03404010967489235,0.042673103973007054,0.049431599552070216,0.05407440682943787
2004-07-31,0.021,0.03182856023506364,0.03874919831282675,0.04657460401144209,0.05167457939929987
2004-08-31,0.0202,0.030023534601058444,0.036240112586811035,0.04361350222553151,0.04982834340983855
2004-09-30,0.0212,0.029416461026243734,0.03432635943992568,0.041601263215562456,0.04731450208135457
2004-10-31,0.0223,0.029311982783918777,0.03392133865076108,0.041045612986895685,0.04756786214565323
2004-11-30,0.025,0.03201195121951228,0.0357168142352291,0.041683652962129836,0.04785486730340649
2004-12-31,0.026699999999999998,0.03351125937469579,0.03611165689373497,0.04187764916401204,0.04759606144854511
2005-01-31,0.0286,0.035812599650009824,0.03730840414622816,0.04191858003715776,0.04622855277575866
2005-02-28,0.030299999999999997,0.0373118897408522,0.038607432735618064,0.041159583176717085,0.04471688047439648
2005-03-31,0.033,0.04161789932236237,0.04270937590117452,0.04561220314134595,0.047310759914539036
2005-04-30,0.0332,0.03981054006968643,0.04070567549191617,0.04315796949386064,0.04561077751638609
2005-05-31,0.0333,0.03950930030000954,0.03880185304324324,0.04045305573836755,0.04165341385241694
2005-06-30,0.0336,0.03920758513931877,0.03760046320122723,0.03905146505565482,0.04085341648541796
2005-07-31,0.0364,0.04100510420686998,0.0399004621754262,0.04085088427788053,0.04260269386154403
2005-08-31,0.0387,0.04210278232405895,0.041600461420140844,0.041800288258277085,0.0433015131135579
2005-09-30,0.0385,0.04050096292729921,0.03980002886095435,0.04085045093071593,0.04255206179352489
2005-10-31,0.0418,0.04360077750047964,0.04330011509319309,0.04390028767779852,0.04505104860740472
2005-11-30,0.0433,0.0451007763826321,0.044500028731045305,0.04480007182073531,0.04555037702876796
2005-12-31,0.0435,0.04450023957834204,0.04370002873471468,0.04390000000000005,0.0446001676566381
2006-01-31,0.0444,0.04360015319800836,0.04250071827611923,0.043500000000000094,0.04385004192821884
2006-02-28,0.046799999999999994,0.046600009552923094,0.04580025792892384,0.04465087791242084,0.045350041836002886
2006-03-31,0.04769999999999999,0.046900152715471766,0.04760002864599966,0.04690007160360188,0.04685004177607999
2006-04-30,0.049,0.04880000953288843,0.048899999999999944,0.04915001787615392,0.050400667429425505
2006-05-31,0.0499,0.04950003809886683,0.049699999999999855,0.05045016076787445,0.05105037505357335
2006-06-30,0.0516,0.05080015214910594,0.05030025682488115,0.05040007136513558,0.05105004164088878
2006-07-31,0.052199999999999996,0.05020095038965944,0.04970071335719983,0.049950160599571136,0.05075004165278241
2006-08-31,0.0508,0.04720308336505519,0.04750071485303997,0.04775016093653073,0.04855004174020894
2006-09-30,0.049699999999999994,0.04570381061255602,0.04530183211922312,0.046400071637799245,0.047050041800028586
2006-10-31,0.0501,0.04590419960003822,0.04560183159489495,0.04645016113630884,0.04689999999999994
2006-11-30,0.0501,0.04470694219598159,0.044402863323710795,0.044900645007156736,0.04580000000000006
2006-12-31,0.049400000000000006,0.044006946826757876,0.044002320916715076,0.044550448185738833,0.045650041856015955
2007-01-31,0.0506,0.047003083952027236,0.04610231627090022,0.0469002862686454,0.0475000000000001
2007-02-28,0.050499999999999996,0.04650380771061391,0.04550286032070283,0.04650028637795289,0.04709999999999992
2007-03-31,0.0492,0.042211675562333406,0.04390103260346123,0.044350161460076976,0.045500167512203316
2007-04-30,0.0493,0.044106442390164924,0.04460140410079649,0.04575001792514466,0.04695037652402001
2007-05-31,0.049100000000000005,0.046301868268039614,0.04530183211922312,0.046400071637799245,0.04740016720810125
2007-06-30,0.0496,0.05000003810975606,0.050400114314746114,0.0507501607219385,0.05100016663492535
2007-07-31,0.0496,0.04680186737804859,0.04820000000000002,0.04970064402250651,0.05055104310710323
2007-08-31,0.0447,0.04150245046424805,0.044000258868646114,0.045651455787150796,0.047804191415258934
2007-09-30,0.0414,0.03880162281544064,0.0416007212000582,0.04410353240813514,0.04655710015637493
2007-10-31,0.040999999999999995,0.038401623439001,0.04090046173084172,0.044856509768608,0.04655710015637493
2007-11-30,0.035,0.031802473429951794,0.033700029031321854,0.041518587231976545,0.04371689677298751
2007-12-31,0.0326,0.02980189812124734,0.03150002909326055,0.04032357619638671,0.043676453557845996
2008-01-31,0.0271,0.022505150423522524,0.02570026349175092,0.036890435452298975,0.04139633920946073
2008-02-29,0.020499999999999997,0.018900627143557225,0.026314249722748873,0.03671393141231927,0.04292887045707161
2008-03-31,0.0154,0.0170006302934802,0.021609570693788438,0.03508526173100268,0.040636639704096256
2008-04-30,0.0174,0.023609445645763394,0.025909530342818066,0.03761831466559107,0.040702202438540835
2008-05-31,0.0206,0.028414902998236347,0.03171687993500383,0.03843866452832789,0.042390821087194164
2008-06-30,0.0242,0.03121196055457931,0.037028081140441094,0.04108059723893387,0.043324378421764065
2008-07-31,0.022799999999999997,0.028608222526398386,0.03472634915032269,0.03948372498313324,0.04353817250382597
2008-08-31,0.0218,0.02660563711098063,0.03262298519167506,0.03803537089220321,0.04264350351436308
2008-09-30,0.0191,0.022502835835541246,0.02801694116606579,0.03725751915463138,0.041808321831289685
2008-10-31,0.014199999999999999,0.018003559455728624,0.023618468041947782,0.04048952538719064,0.04349031673332582
2008-11-30,0.010700000000000001,0.01350193925002463,0.021126703564080307,0.03471252187126406,0.04157045393849579
2008-12-31,0.0049,0.011510836899193855,0.015718612872363646,0.02198759464670985,0.028209104554912212
2009-01-31,0.0044,0.011813630027877497,0.017730505410883834,0.023090987653067607,0.029362296454170878
2009-02-28,0.0062,0.013412880143112815,0.02154524533899327,0.026246279481949797,0.03382957648863805
2009-03-31,0.0064,0.012208356518283114,0.020742974701667194,0.02589817850331677,0.039355140832677105
2009-04-30,0.0055000000000000005,0.01311436101442065,0.02104526778204363,0.026754010594274957,0.04011029998916782
2009-05-31,0.005,0.013618398009950461,0.02316299062629157,0.032501390455413004,0.04529874085491503
2009-06-30,0.0051,0.018544662222664376,0.0292999336198152,0.04151655045134084,0.05038614331181712
2009-07-31,0.0048,0.015629020700637097,0.026183565010678755,0.03840312692021719,0.048598098635971976
2009-08-31,0.0046,0.017843360541509146,0.027183482227102207,0.0396563591932777,0.048275255442753906
2009-09-30,0.004,0.015231235059760984,0.02528048659964166,0.037196566419507526,0.04663113807725461
2009-10-31,0.0037,0.01533351599083388,0.024877425857032565,0.03649007624104539,0.045520212727955256
2009-11-30,0.0031,0.012923935799022956,0.02368061457546,0.03610347504216138,0.046654438306348966
2009-12-31,0.0037,0.013724907840988232,0.024077487366799044,0.037970716506826374,0.04917862615601676
2010-01-31,0.0034999999999999996,0.015133522670652821,0.026193385512553125,0.039831364817792814,0.050578312714767204
2010-02-28,0.0034999999999999996,0.01372591928251099,0.02488688887701418,0.03817068278200897,0.05044779111994968
2010-03-31,0.004,0.015231235059760984,0.02619005031001098,0.0382565751644004,0.050078424559363066
2010-04-30,0.0044,0.016838271604938226,0.028100052508911233,0.040063252730263565,0.05050969688516571
2010-05-31,0.0037,0.012921081996612571,0.02307155279237505,0.03483706175516721,0.045798643281487195
2010-06-30,0.0032,0.011215948963317457,0.020760405553604144,0.0325778493489588,0.04328744320053657
2010-07-31,0.0029,0.009510858510320075,0.01703868651213991,0.02941311320738693,0.04124363288298083
2010-08-31,0.0026,0.007806742469579353,0.013020192484159976,0.025138678832624883,0.036921659822428676
2010-09-30,0.0026,0.0070048274486336215,0.012620200529497083,0.024233643012331996,0.03667726645569358
2010-10-31,0.0023,0.005302244836875136,0.009510795808960637,0.021019443398794024,0.035444746525036264
2010-11-30,0.0025,0.0065039900249375115,0.011114465505523752,0.02378621985079299,0.03714441878789887
2010-12-31,0.0029,0.009510858510320075,0.017340866965699364,0.03356430509443764,0.045079549061812996
2011-01-31,0.0027,0.009511528872045538,0.018752672337544185,0.03447130885595007,0.04567941353729288
2011-02-28,0.0029,0.012522973377206315,0.0230775643915766,0.03747808555991017,0.04731035532719918
2011-03-31,0.0026,0.011419309794534094,0.021165911719256414,0.035364012314576865,0.04545467937329306
2011-04-30,0.0025,0.012122982543641303,0.02176872807557717,0.036271003706763505,0.04534285330620591
2011-05-31,0.0019,0.009313664038327119,0.017043133021507728,0.032050684010438646,0.04204348027592264
2011-06-30,0.0018,0.0064052804951086895,0.013126916531971178,0.028991120902949197,0.040867872785348425
2011-07-31,0.0019,0.006304830821439289,0.012221800221720036,0.028437934261769993,0.041536802027021036
2011-08-31,0.0011,0.00350143841774031,0.006806737870153956,0.01987659050106161,0.0317116369316246
2011-09-30,0.001,0.003201208791208998,0.0063058704103879926,0.017306572521586183,0.027317547108768325
2011-10-31,0.0011,0.004502886824492958,0.008510806581420338,0.019515026957190207,0.030336137337987568
2011-11-30,0.0011,0.00390195784636882,0.006705868066989806,0.016950546609228345,0.028126763030876578
2011-12-31,0.0012,0.004001957650818788,0.006505059037804406,0.01644673163318977,0.027926788226995347
2012-01-31,0.0011,0.003701688143042503,0.006004311376559102,0.015391302370872051,0.02768161256115076
2012-02-29,0.0016,0.004001437699680421,0.005802992617877756,0.015087853260495665,0.02732686387548311
2012-03-31,0.0019,0.004902245733107158,0.008508645501646983,0.01789856229925202,0.029226624631035536
2012-04-30,0.0018,0.004001207825913067,0.00710586572546168,0.01583953526829407,0.027926788226995347
2012-05-31,0.0019,0.003900998103602893,0.005902992319382516,0.013175584729866463,0.02343812196586259
2012-06-30,0.0019,0.003900998103602893,0.005902992319382516,0.01191913556744617,0.020109580799112958
2012-07-31,0.0019,0.003100359317296908,0.004901915721420069,0.01056572445305659,0.018856451477314184
2012-08-31,0.0018,0.003600808544619527,0.005702992916432947,0.012221607285091363,0.022230495022892427
2012-09-30,0.0018,0.0034006388500698037,0.005001915530293832,0.01167036071124361,0.022538200923676754
2012-10-31,0.0018,0.003800998203234096,0.005502423939932832,0.012221607285091363,0.022584286691804234
2012-11-30,0.0018,0.003600808544619527,0.005101915339205787,0.011267965145628223,0.021376829017291987
2012-12-31,0.0016,0.0036009984025557884,0.005302424423608398,0.012272901939104353,0.022130503033488846
2013-01-31,0.0015,0.003901437843234934,0.0063043100861144286,0.01443296946957906,0.025354453124071474
2013-02-28,0.0016,0.0038012080670926096,0.0066050585330448275,0.01528784571438302,0.02610872216243698
2013-03-31,0.0015,0.00370120818771813,0.006505059037804406,0.014684558707222406,0.02580875459392562
2013-04-30,0.0012,0.003401208549740131,0.005603622995057345,0.012675597486708101,0.022584286691804234
2013-05-31,0.0012,0.003801687974430479,0.007006736525270618,0.015036181772349222,0.024946062179800776
2013-06-30,0.0014000000000000002,0.00520360495306571,0.010818703850899114,0.021371732940018262,0.029962727928652955
2013-07-31,0.0012,0.005604834198961184,0.01242693532839434,0.025507746601006742,0.03480062833898612
2013-08-31,0.0013,0.005905283131928618,0.013834594622372132,0.027625368352559798,0.03742157501567722
2013-09-30,0.0012,0.006807830603275944,0.015443201846002452,0.028425268699621364,0.037866032011376394
2013-10-31,0.0012,0.005604834198961184,0.012125168732667113,0.02490215713434507,0.035566409874311145
2013-11-30,0.0012,0.00480323611665967,0.011423471471925684,0.025666496108730952,0.03841220855341687
2013-12-31,0.0013,0.005504404274443209,0.013936668058320167,0.02929771804751158,0.040867872785348425
2014-01-31,0.0012,0.0066072812624848876,0.01564551159334071,0.029691022742349915,0.03907684660651789
2014-02-28,0.0012,0.005404404714342892,0.014138798467598024,0.027778459654950405,0.03742157501567722
2014-03-31,0.0013,0.0067072805353041165,0.016652782662180066,0.028825218932537533,0.03720027163323314
2014-04-30,0.0011,0.007309599440615155,0.01806331102260339,0.02942514435601118,0.03709015965276108
2014-05-31,0.001,0.00680840159840157,0.017157938891396496,0.027407543313382243,0.03457128608160143
2014-06-30,0.001,0.008012237762237806,0.01806056816005408,0.028613203005979804,0.03476219444189432
2014-07-31,0.0011,0.009115982419338753,0.01896325424545342,0.02804907798490497,0.033545247979724024
2014-08-31,0.0011,0.008312945759664236,0.018563279467165517,0.02689113356580175,0.03213736593268157
2014-09-30,0.0011,0.010321136749575466,0.02016883759092991,0.02859630413203318,0.0335372454822318
2014-10-31,0.001,0.008012237762237806,0.01745530029947351,0.02563352680547215,0.0306298277769943
2014-11-30,0.0013,0.009315979227005,0.018255256229816386,0.026180986445758947,0.030622517404082172
2014-12-31,0.0021,0.01071845125236992,0.01905265661451927,0.025162473075165392,0.02834984221328174
2015-01-31,0.002,0.009012225548902242,0.016036591387843746,0.020791081156187774,0.0242389003510175
2015-02-28,0.0022,0.010215964877269945,0.017340866965699364,0.02194281037816337,0.025944220626202608
2015-03-31,0.0025,0.010315172069825351,0.017843098691427306,0.02274643995663994,0.026444198812635822
2015-04-30,0.0023,0.008509587947720387,0.015332530081541673,0.02074286134784442,0.02544998506938878
2015-05-31,0.0024,0.009813657222665473,0.01724087103259131,0.023858283135060665,0.029115660432973645
2015-06-30,0.0028000000000000004,0.011016763063422363,0.018343077262863883,0.026019099512990085,0.03157605671913366
2015-07-31,0.003,0.010413649052841478,0.0175386672747444,0.02536687791975467,0.030722510254270752
2015-08-31,0.0038,0.010210201235305583,0.016932478338818058,0.023098312139927746,0.02840909289209126
2015-09-30,0.0037,0.01051151738567313,0.016126836272119194,0.022142801895000064,0.02861569284329457
2015-10-31,0.0026,0.010214402553361257,0.015125093634641651,0.020839339264914436,0.026909180475606753
2015-11-30,0.0048,0.012815923566878995,0.018430484221012122,0.023790959280021395,0.02900280420792245
2015-12-31,0.006500000000000001,0.013110819672131235,0.018826764446392863,0.023332679549820545,0.02894981275873354
2016-01-31,0.0054,0.012612890391883624,0.01621713944568315,0.020926786579264833,0.026797006714564642
2016-02-29,0.0053,0.009303978911767707,0.012408612009723319,0.017019038795483388,0.023091600629310483
2016-03-31,0.0066,0.01100480826544814,0.01360761703040203,0.01892146392613725,0.024338896508261154
2016-04-30,0.005600000000000001,0.009804385441527508,0.012206701745768989,0.017721489462356965,0.02349158417098174
2016-05-31,0.0059,0.010505258972064668,0.012706698420502205,0.017970233601946273,0.023538927271587795
2016-06-30,0.0055000000000000005,0.009103222277474066,0.011205035422493514,0.0163678742581439,0.021181566989048273
2016-07-31,0.0051,0.008302547010247574,0.010304292953709604,0.014914591530776011,0.019829299547537982
2016-08-31,0.005699999999999999,0.009102873620363994,0.010703604646836062,0.015514582845635116,0.02078157949141146
2016-09-30,0.0059,0.009503220996122996,0.011605033422855904,0.016014575615911353,0.02163394690293008
2016-10-31,0.0066,0.010203218756208887,0.012906697091319419,0.016914562620456763,0.022886384369241064
2016-11-30,0.0074,0.012205717689100615,0.017017125856446214,0.021726765395061243,0.027596969641343172
2016-12-31,0.0087,0.015310796074154975,0.020724954644073312,0.02669084215181705,0.031196803532944184
2017-01-31,0.0083,0.01591432113458291,0.020221627751885185,0.02583579643040146,0.030091314476514697
2017-02-28,0.008199999999999999,0.015814322555048665,0.020121629890913706,0.025484190620911562,0.030244033730204345
2017-03-31,0.0101,0.016108910008910238,0.021523237260040462,0.02643257976018698,0.030286120055183607
2017-04-30,0.0104,0.014403958828186791,0.018411860827750814,0.023926707310897743,0.028033733233023606
2017-05-31,0.011200000000000002,0.014803204113923885,0.01840960094487354,0.02382395975660101,0.027881359036373565
2017-06-30,0.012,0.014801936758893408,0.017906664032339092,0.021914490843391254,0.02612479092347275
2017-07-31,0.012199999999999999,0.01520222288085371,0.01880855760738065,0.023670119958144387,0.027829069160467235
2017-08-31,0.0123,0.014501195297836889,0.017605804921764445,0.022316637082554935,0.02657689854808143
2017-09-30,0.0128,0.01480098736176938,0.017705003123982932,0.022365541577686887,0.026072760218162738
2017-10-31,0.013999999999999999,0.017002218934911495,0.019404994744919524,0.02431660434208771,0.02752078627811394
2017-11-30,0.015600000000000001,0.01840192989365863,0.020303570608408705,0.024110612161819533,0.0268139025026759
2017-12-31,0.017,0.019801927236971606,0.022004243614276664,0.025108903749171407,0.026708397803330897
2018-01-31,0.018000000000000002,0.02260519646365422,0.02390423570873268,0.02725971362810986,0.028357226455323126
2018-02-28,0.0196,0.024004746959592094,0.02720951821058426,0.029610555118368964,0.03231382791124471
2018-03-31,0.0206,0.02500474230844585,0.027005751547547474,0.029458076132549582,0.031208360956520576
2018-04-30,0.0215,0.026105178658835104,0.028005745927144554,0.02970592740666378,0.031206137956339752
2018-05-31,0.0227,0.02750563215019053,0.029606587935188555,0.03060467684257895,0.03205515131500403
2018-06-30,0.0233,0.027303908922114983,0.028904215044728288,0.029753087597401473,0.03095344940817646
2018-07-31,0.0239,0.028304727024123455,0.028802368882620444,0.02900116860348456,0.030252086476045825
2018-08-31,0.0245,0.02830352367008282,0.028501432515761538,0.028600657254127748,0.030152086679138712
2018-09-30,0.0256,0.029804299921996957,0.029801430703274123,0.029650455842066492,0.03135208424463021
2018-10-31,0.0265,0.030704296151972787,0.03100186709874042,0.030900655785474296,0.033153442037290315
2018-11-30,0.027000000000000003,0.03020249269717623,0.03010072926455787,0.030100291535743784,0.03265344370972434
2018-12-31,0.026600000000000002,0.027000038963569173,0.026500029216036225,0.0269500182626905,0.029252088508757046
2019-01-31,0.0258,0.025000155975823724,0.024800117019892598,0.025700073158836156,0.027852091361214137
2019-02-28,0.0255,0.024500243783520004,0.024400117065556115,0.025050018296550514,0.02770273304019577
2019-03-31,0.024900000000000002,0.023300624451165985,0.022900468643205052,0.023700000000000054,0.027204275800641886
2019-04-30,0.0242,0.02260062487795378,0.022500263800681042,0.02360007330900582,0.026804277472835425
2019-05-31,0.023399999999999997,0.020801651358217654,0.020600733663734383,0.02235016519015165,0.025404283335827227
2019-06-30,0.02,0.01620353921568629,0.017200265173833662,0.01905046058987714,0.022506190427787676
2019-07-31,0.0196,0.01720141231855621,0.017200471265864437,0.018750165774349625,0.021804298486155504
2019-08-31,0.0177,0.013703930431365086,0.01390106309671979,0.014600073881920084,0.0170015523357947
2019-09-30,0.018000000000000002,0.015002210216110035,0.014701062260212616,0.015400073823741645,0.018152111340728805
2019-10-31,0.0161,0.014900354295837248,0.014900118160632303,0.015300000000000091,0.018453491894839136
2019-11-30,0.015700000000000002,0.016500157526828874,0.016100000000000003,0.01685016608434542,0.01990430652545161
2019-12-31,0.0155,0.016700354505169823,0.01670011810636085,0.017550461269736806,0.02065520910094798
2020-01-31,0.015300000000000001,0.015100009849305707,0.01519999999999988,0.016200295527678987,0.019455215259184255
2020-02-29,0.0141,0.012500631101469484,0.012700118417156903,0.013350018507855665,0.01670432013350487
2020-03-31,0.0033,0.005701435263629762,0.006000746764001752,0.007251511419556156,0.0125657159455006
2020-04-30,0.0018,0.002600159712517369,0.004001077844268286,0.005552262828798726,0.009511165381979936
2020-05-31,0.0016,0.00180000998402563,0.003200748851739821,0.005202694610590974,0.01006575513928687
2020-06-30,0.0018,0.0020000099820323136,0.002800269514870335,0.005202694610590974,0.010769248500172246
2020-07-31,0.0015,0.0015000000000000568,0.002100119828245539,0.004452265314140336,0.009114148110024756
2020-08-31,0.0013,0.001500009987017048,0.002000119840212422,0.004352265540351397,0.009365766148603072
2020-09-30,0.0013,0.0013000000000000789,0.0022002696763856466,0.004352265540351397,0.009365766148603072
2020-10-31,0.0013,0.0017000399480675554,0.002700479344886597,0.005654211800070419,0.010769248500172246
2020-11-30,0.0012,0.00220024970035948,0.003200748851739821,0.00645540838317471,0.012325132116268067
2020-12-31,0.001,0.0018001598401602426,0.0029007490761183696,0.006907488266929551,0.013381812584629005
2021-01-31,0.001,0.0016000899100900856,0.003401468433590793,0.008261700221105395,0.015744670370624103
2021-02-28,0.0007000000000000001,0.001700249825122624,0.003902427814748366,0.010370387139177595,0.01840968172766244
2021-03-31,0.0008,0.0022004896083136494,0.006608661912772318,0.015746764268018465,0.024038069405809992
