Dates,r1,r2,r3,r5,r7
1976-06-30,0.06519999999999987,0.07059999999999977,0.07310000000000004,0.07609999999999986,0.07749999999999997
1976-07-31,0.06199999999999992,0.0684999999999997,0.07119999999999996,0.07489999999999994,0.07699999999999996
1976-08-31,0.05999999999999964,0.06630000000000014,0.06860000000000001,0.07309999999999989,0.07580000000000002
1976-09-30,0.058399999999999966,0.06420000000000008,0.06660000000000006,0.07129999999999997,0.07409999999999999
1976-10-31,0.05499999999999982,0.05979999999999984,0.06239999999999987,0.06750000000000014,0.07159999999999997
1976-11-30,0.052899999999999475,0.0581000000000002,0.06089999999999995,0.06519999999999995,0.06860000000000009
1976-12-31,0.0489000000000001,0.05380000000000021,0.05680000000000012,0.06099999999999992,0.06369999999999995
1977-01-31,0.052899999999999475,0.059000000000000184,0.062200000000000116,0.06580000000000011,0.06919999999999989
1977-02-28,0.054700000000000124,0.060900000000000155,0.06439999999999986,0.06830000000000006,0.07159999999999997
1977-03-31,0.05499999999999982,0.060900000000000155,0.0647000000000001,0.0693000000000001,0.07199999999999993
1977-04-30,0.05440000000000017,0.0596,0.06310000000000009,0.06789999999999993,0.07110000000000002
1977-05-31,0.058399999999999966,0.06250000000000022,0.06549999999999986,0.06940000000000013,0.07260000000000004
1977-06-30,0.05799999999999951,0.06130000000000016,0.06390000000000007,0.06760000000000008,0.07049999999999992
1977-07-31,0.059399999999999925,0.06270000000000023,0.06509999999999987,0.06840000000000006,0.07120000000000001
1977-08-31,0.06370000000000006,0.06609999999999994,0.06790000000000017,0.07029999999999995,0.0723999999999999
1977-09-30,0.06529999999999951,0.06709999999999976,0.06840000000000017,0.07039999999999996,0.07209999999999987
1977-10-31,0.06969999999999994,0.07110000000000012,0.07190000000000016,0.07319999999999992,0.07440000000000006
1977-11-30,0.06950000000000002,0.07140000000000009,0.07219999999999992,0.07339999999999991,0.07460000000000004
1977-12-31,0.06959999999999968,0.07179999999999981,0.07299999999999982,0.07480000000000012,0.07590000000000006
1978-01-31,0.07280000000000006,0.07490000000000001,0.07609999999999979,0.07770000000000005,0.0785999999999999
1978-02-28,0.0734000000000001,0.07569999999999993,0.07670000000000013,0.07829999999999986,0.07939999999999993
1978-03-31,0.07310000000000039,0.07579999999999992,0.07699999999999989,0.07860000000000007,0.07949999999999992
1978-04-30,0.07450000000000044,0.07739999999999986,0.07850000000000008,0.07979999999999998,0.08060000000000003
1978-05-31,0.07819999999999988,0.08009999999999985,0.08070000000000017,0.08179999999999994,0.08249999999999988
1978-06-30,0.08089999999999962,0.08240000000000006,0.08300000000000017,0.08360000000000006,0.08400000000000006
1978-07-31,0.08389999999999971,0.08490000000000014,0.08540000000000007,0.08539999999999984,0.08550000000000013
1978-08-31,0.08310000000000005,0.08370000000000004,0.08329999999999989,0.08330000000000001,0.0838
1978-09-30,0.0863999999999997,0.08569999999999997,0.08410000000000016,0.08430000000000007,0.08419999999999994
1978-10-31,0.09140000000000013,0.08849999999999995,0.08620000000000017,0.08610000000000005,0.08640000000000002
1978-11-30,0.10010000000000027,0.09420000000000027,0.09040000000000026,0.08840000000000006,0.0879999999999999
1978-12-31,0.10300000000000047,0.09719999999999995,0.0932999999999999,0.09080000000000005,0.09029999999999996
1979-01-31,0.1040999999999999,0.09860000000000009,0.09499999999999986,0.092,0.09139999999999993
1979-02-28,0.10240000000000012,0.09719999999999995,0.09290000000000011,0.09129999999999985,0.09110000000000014
1979-03-31,0.10249999999999947,0.0979,0.09379999999999998,0.092,0.09150000000000004
1979-04-30,0.10120000000000037,0.09779999999999973,0.09429999999999987,0.0925,0.0921000000000001
1979-05-31,0.10120000000000037,0.09779999999999973,0.09420000000000021,0.09240000000000008,0.09229999999999997
1979-06-30,0.09569999999999987,0.09220000000000014,0.08949999999999982,0.0885,0.08860000000000003
1979-07-31,0.09639999999999957,0.09139999999999995,0.08940000000000008,0.08899999999999994,0.08920000000000003
1979-08-31,0.09979999999999965,0.09460000000000007,0.09139999999999986,0.09060000000000008,0.09049999999999993
1979-09-30,0.10839999999999969,0.10059999999999983,0.09689999999999999,0.09409999999999989,0.09380000000000001
1979-10-31,0.12440000000000034,0.11490000000000011,0.10950000000000021,0.1063000000000001,0.10469999999999993
1979-11-30,0.12389999999999957,0.11809999999999983,0.11180000000000014,0.10930000000000004,0.1080000000000001
1979-12-31,0.11980000000000038,0.11389999999999974,0.10710000000000014,0.10420000000000004,0.10420000000000003
1980-01-31,0.12059999999999947,0.11499999999999998,0.1087999999999998,0.10740000000000012,0.10770000000000005
1980-02-29,0.13920000000000027,0.13420000000000012,0.12840000000000013,0.12600000000000008,0.12530000000000002
1980-03-31,0.15820000000000028,0.1488000000000002,0.1405000000000001,0.1347000000000002,0.12999999999999998
1980-04-30,0.13300000000000017,0.12499999999999992,0.1201999999999998,0.11839999999999995,0.1149
1980-05-31,0.09389999999999953,0.09449999999999979,0.09440000000000016,0.09950000000000006,0.10089999999999989
1980-06-30,0.08159999999999971,0.08729999999999989,0.08910000000000011,0.09210000000000004,0.09450000000000004
1980-07-31,0.08649999999999958,0.09030000000000006,0.0927,0.09529999999999997,0.09839999999999995
1980-08-31,0.10240000000000012,0.10529999999999977,0.1062999999999999,0.10840000000000002,0.10950000000000003
1980-09-30,0.11520000000000055,0.11570000000000014,0.1156999999999998,0.11619999999999993,0.11569999999999998
1980-10-31,0.12490000000000047,0.1209000000000001,0.12010000000000008,0.11859999999999993,0.11789999999999982
1980-11-30,0.14149999999999974,0.13509999999999994,0.13310000000000008,0.12830000000000008,0.12710000000000005
1980-12-31,0.1488000000000002,0.1408000000000002,0.1364999999999998,0.13250000000000003,0.12999999999999998
1981-01-31,0.14079999999999968,0.13259999999999977,0.13010000000000002,0.12770000000000017,0.12659999999999982
1981-02-28,0.1456999999999998,0.13919999999999966,0.1364999999999998,0.13410000000000005,0.13279999999999986
1981-03-31,0.1371,0.1357000000000002,0.13510000000000008,0.13410000000000005,0.13239999999999988
1981-04-30,0.1431999999999996,0.14150000000000018,0.14090000000000022,0.1399,0.13849999999999993
1981-05-31,0.16200000000000003,0.15459999999999977,0.15079999999999974,0.14629999999999993,0.1430000000000002
1981-06-30,0.1486000000000001,0.14510000000000015,0.14290000000000003,0.13949999999999999,0.1367000000000001
1981-07-31,0.15720000000000023,0.15350000000000022,0.15149999999999977,0.1479000000000002,0.14490000000000017
1981-08-31,0.16719999999999982,0.16280000000000033,0.15999999999999995,0.15560000000000013,0.15219999999999997
1981-09-30,0.16519999999999987,0.16459999999999989,0.1622000000000001,0.1593000000000002,0.15649999999999978
1981-10-31,0.15380000000000033,0.1553999999999999,0.1549999999999999,0.15410000000000004,0.1532999999999998
1981-11-30,0.1240999999999996,0.12880000000000014,0.1310999999999998,0.1338,0.13420000000000012
1981-12-31,0.12849999999999995,0.1328999999999999,0.1365999999999998,0.13599999999999984,0.13619999999999996
1982-01-31,0.1431999999999996,0.14570000000000022,0.14640000000000017,0.14649999999999982,0.14669999999999997
1982-02-28,0.14729999999999993,0.14819999999999986,0.14730000000000001,0.14540000000000014,0.14459999999999984
1982-03-31,0.13949999999999949,0.14190000000000008,0.14129999999999995,0.13979999999999987,0.1393000000000002
1982-04-30,0.13980000000000053,0.14200000000000013,0.14180000000000012,0.14000000000000018,0.13939999999999994
1982-05-31,0.13339999999999952,0.13780000000000012,0.13769999999999985,0.13749999999999998,0.13739999999999986
1982-06-30,0.14069999999999971,0.1447,0.14479999999999976,0.14430000000000007,0.1447000000000001
1982-07-31,0.13240000000000055,0.13800000000000026,0.1399999999999999,0.1407000000000001,0.1407
1982-08-31,0.11429999999999976,0.12320000000000028,0.12620000000000015,0.13,0.1314000000000001
1982-09-30,0.10849999999999997,0.11779999999999999,0.1202999999999998,0.12250000000000003,0.12360000000000014
1982-10-31,0.09320000000000055,0.10189999999999995,0.10619999999999995,0.1079999999999999,0.1088000000000001
1982-11-30,0.09160000000000051,0.09799999999999975,0.09980000000000001,0.10380000000000003,0.10529999999999988
1982-12-31,0.08909999999999996,0.09659999999999978,0.0987999999999999,0.10220000000000018,0.10490000000000015
1983-01-31,0.08620000000000017,0.09330000000000017,0.09640000000000014,0.10030000000000003,0.10360000000000001
1983-02-28,0.08919999999999986,0.09639999999999989,0.09910000000000017,0.10260000000000007,0.10560000000000001
1983-03-31,0.09039999999999984,0.09659999999999978,0.09840000000000014,0.10079999999999989,0.10309999999999998
1983-04-30,0.08979999999999978,0.09570000000000016,0.09759999999999978,0.10019999999999984,0.10289999999999999
1983-05-31,0.08900000000000005,0.09490000000000022,0.0966,0.10030000000000003,0.10299999999999987
1983-06-30,0.09659999999999996,0.10180000000000024,0.10319999999999985,0.1063000000000001,0.10829999999999985
1983-07-31,0.1019999999999998,0.10690000000000016,0.10899999999999999,0.11209999999999991,0.1135
1983-08-31,0.1053000000000001,0.11069999999999992,0.11299999999999988,0.11630000000000018,0.1177
1983-09-30,0.10159999999999976,0.10789999999999987,0.11069999999999997,0.11429999999999985,0.11610000000000008
1983-10-31,0.0980999999999999,0.10570000000000024,0.10870000000000013,0.11279999999999993,0.11469999999999994
1983-11-30,0.09940000000000045,0.1066000000000002,0.10959999999999986,0.11409999999999994,0.11610000000000008
1983-12-31,0.10109999999999998,0.10840000000000008,0.11130000000000023,0.1154000000000001,0.11779999999999988
1984-01-31,0.0989999999999995,0.10640000000000002,0.10930000000000005,0.1137000000000001,0.11579999999999994
1984-02-29,0.10039999999999995,0.10789999999999987,0.1105000000000002,0.1154000000000001,0.1174999999999999
1984-03-31,0.10589999999999976,0.11309999999999971,0.11589999999999995,0.1201999999999999,0.12250000000000004
1984-04-30,0.10900000000000049,0.1168999999999997,0.11979999999999978,0.1237,0.1256000000000001
1984-05-31,0.11660000000000002,0.12469999999999982,0.12750000000000009,0.1317,0.13340000000000002
1984-06-30,0.12079999999999977,0.12910000000000013,0.13180000000000003,0.13479999999999986,0.13559999999999992
1984-07-31,0.12030000000000017,0.12880000000000014,0.13080000000000006,0.13269999999999998,0.1335000000000001
1984-08-31,0.11819999999999958,0.1242999999999997,0.12500000000000008,0.12679999999999997,0.1275
1984-09-30,0.11579999999999986,0.1220000000000003,0.12339999999999991,0.12530000000000005,0.12600000000000003
1984-10-31,0.10900000000000049,0.1159999999999998,0.11849999999999979,0.12059999999999985,0.12159999999999989
1984-11-30,0.09820000000000045,0.1065000000000002,0.10899999999999999,0.11329999999999985,0.1149
1984-12-31,0.09330000000000013,0.10180000000000024,0.10560000000000007,0.1107000000000001,0.11449999999999987
1985-01-31,0.09020000000000018,0.09930000000000003,0.10430000000000013,0.10930000000000004,0.11270000000000004
1985-02-28,0.09289999999999955,0.10169999999999994,0.10550000000000019,0.11129999999999989,0.11440000000000008
1985-03-31,0.09859999999999973,0.10710000000000017,0.1105000000000002,0.11520000000000016,0.11819999999999993
1985-04-30,0.09140000000000013,0.10090000000000009,0.10490000000000009,0.11010000000000016,0.11339999999999997
1985-05-31,0.0846000000000001,0.09390000000000008,0.0974999999999999,0.1034,0.10720000000000011
1985-06-30,0.07800000000000025,0.08689999999999976,0.09050000000000001,0.09599999999999997,0.10080000000000004
1985-07-31,0.07860000000000021,0.0877,0.09180000000000003,0.09700000000000003,0.10160000000000001
1985-08-31,0.08049999999999953,0.08939999999999988,0.09310000000000014,0.09809999999999991,0.10200000000000006
1985-09-30,0.0806999999999997,0.08979999999999992,0.09369999999999994,0.09809999999999991,0.10240000000000013
1985-10-31,0.08009999999999995,0.08859999999999998,0.09250000000000015,0.09690000000000014,0.10109999999999988
1985-11-30,0.07880000000000051,0.0858000000000001,0.08880000000000017,0.09280000000000013,0.09619999999999994
1985-12-31,0.07669999999999948,0.08150000000000014,0.08400000000000006,0.08730000000000006,0.09110000000000014
1986-01-31,0.07729999999999959,0.08139999999999985,0.08410000000000016,0.08679999999999986,0.09029999999999996
1986-02-28,0.07609999999999983,0.07969999999999995,0.08100000000000018,0.08339999999999989,0.08580000000000006
1986-03-31,0.07029999999999989,0.07209999999999979,0.07299999999999982,0.07459999999999996,0.07669999999999992
1986-04-30,0.06439999999999974,0.06700000000000003,0.06860000000000001,0.07050000000000003,0.07159999999999997
1986-05-31,0.06649999999999978,0.07069999999999987,0.07270000000000008,0.07520000000000002,0.07649999999999994
1986-06-30,0.06729999999999951,0.07179999999999981,0.07410000000000015,0.07640000000000005,0.07749999999999997
1986-07-31,0.06269999999999984,0.06669999999999976,0.06860000000000001,0.07059999999999986,0.07220000000000001
1986-08-31,0.059300000000000415,0.06330000000000004,0.06489999999999992,0.06799999999999992,0.07009999999999997
1986-09-30,0.05769999999999994,0.06349999999999999,0.06620000000000002,0.0691999999999999,0.0728
1986-10-31,0.057200000000000015,0.06279999999999998,0.06560000000000006,0.06830000000000006,0.0723999999999999
1986-11-30,0.05799999999999951,0.06279999999999998,0.06459999999999995,0.06760000000000008,0.0707999999999999
1986-12-31,0.05869999999999995,0.06270000000000023,0.06430000000000015,0.06669999999999986,0.0697
1987-01-31,0.057800000000000136,0.062299999999999835,0.06410000000000016,0.06640000000000007,0.06919999999999989
1987-02-28,0.05959999999999961,0.06399999999999989,0.06560000000000006,0.06789999999999993,0.07059999999999995
1987-03-31,0.06029999999999983,0.06420000000000008,0.06580000000000001,0.06789999999999993,0.07059999999999995
1987-04-30,0.06500000000000047,0.07019999999999994,0.07320000000000014,0.07570000000000002,0.0782999999999999
1987-05-31,0.07000000000000019,0.07759999999999971,0.08020000000000006,0.0826000000000001,0.08469999999999998
1987-06-30,0.06799999999999953,0.07569999999999993,0.07819999999999984,0.08019999999999988,0.08270000000000001
1987-07-31,0.06679999999999996,0.0744000000000001,0.07739999999999984,0.0801,0.08270000000000001
1987-08-31,0.07029999999999989,0.07749999999999975,0.08030000000000019,0.08320000000000001,0.0859000000000001
1987-09-30,0.07669999999999948,0.08340000000000014,0.08670000000000017,0.08939999999999995,0.09260000000000004
1987-10-31,0.07589999999999963,0.08399999999999987,0.0874999999999998,0.09080000000000005,0.09370000000000003
1987-11-30,0.06959999999999968,0.07690000000000016,0.07990000000000008,0.08349999999999992,0.08690000000000005
1987-12-31,0.07170000000000015,0.07860000000000011,0.0812999999999998,0.08449999999999987,0.08820000000000003
1988-01-31,0.06990000000000038,0.0763000000000002,0.07870000000000008,0.08179999999999994,0.08479999999999989
1988-02-29,0.06639999999999993,0.07179999999999981,0.07379999999999995,0.07709999999999986,0.0801999999999999
1988-03-31,0.06710000000000009,0.07270000000000028,0.07500000000000004,0.07829999999999986,0.0819000000000001
1988-04-30,0.0701000000000004,0.07589999999999984,0.07830000000000019,0.08189999999999988,0.08519999999999991
1988-05-31,0.07400000000000019,0.0800000000000002,0.08239999999999985,0.08580000000000014,0.08890000000000012
1988-06-30,0.07489999999999979,0.08030000000000007,0.08220000000000019,0.08490000000000007,0.08780000000000009
1988-07-31,0.0774999999999998,0.0828000000000001,0.0844000000000002,0.08660000000000002,0.08909999999999992
1988-08-31,0.08169999999999968,0.08630000000000017,0.08769999999999978,0.08939999999999995,0.09129999999999987
1988-09-30,0.08089999999999962,0.08460000000000015,0.08569999999999989,0.08690000000000012,0.0887
1988-10-31,0.08110000000000045,0.08350000000000014,0.08430000000000003,0.08509999999999998,0.08690000000000005
1988-11-30,0.0848000000000001,0.08670000000000017,0.08719999999999987,0.0878999999999999,0.08890000000000012
1988-12-31,0.08989999999999956,0.09089999999999987,0.09110000000000018,0.09089999999999987,0.09129999999999987
1989-01-31,0.09049999999999986,0.09179999999999977,0.09200000000000018,0.09150000000000008,0.09139999999999993
1989-02-28,0.09249999999999965,0.09370000000000006,0.0931999999999998,0.09270000000000006,0.09229999999999997
1989-03-31,0.09569999999999987,0.09680000000000011,0.0960999999999998,0.09510000000000009,0.09429999999999991
1989-04-30,0.0935999999999999,0.09449999999999979,0.09399999999999999,0.09299999999999994,0.0923999999999999
1989-05-31,0.08979999999999978,0.09019999999999985,0.08980000000000005,0.08910000000000008,0.08880000000000007
1989-06-30,0.08439999999999984,0.08410000000000024,0.08369999999999983,0.0829000000000001,0.08309999999999997
1989-07-31,0.07889999999999994,0.07820000000000016,0.07830000000000019,0.07829999999999986,0.07939999999999993
1989-08-31,0.08179999999999951,0.08139999999999985,0.0812999999999998,0.08090000000000004,0.0811000000000001
1989-09-30,0.08220000000000027,0.0828000000000001,0.0826000000000001,0.08169999999999986,0.08230000000000007
1989-10-31,0.07990000000000008,0.07980000000000026,0.08020000000000006,0.07970000000000001,0.0802999999999999
1989-11-30,0.07770000000000019,0.07800000000000026,0.07799999999999996,0.0781000000000001,0.0785999999999999
1989-12-31,0.07719999999999964,0.07779999999999997,0.07770000000000019,0.0775000000000001,0.07850000000000013
1990-01-31,0.0792000000000003,0.08090000000000007,0.0812999999999998,0.08120000000000009,0.08199999999999993
1990-02-28,0.08110000000000045,0.08370000000000004,0.08389999999999996,0.08420000000000007,0.08479999999999989
1990-03-31,0.08350000000000052,0.08630000000000017,0.08629999999999982,0.08599999999999987,0.08649999999999994
1990-04-30,0.08399999999999966,0.08719999999999976,0.08780000000000025,0.08770000000000006,0.08809999999999993
1990-05-31,0.08319999999999951,0.08639999999999996,0.08689999999999982,0.08740000000000016,0.08780000000000009
1990-06-30,0.08100000000000002,0.08350000000000014,0.08400000000000006,0.08430000000000007,0.08519999999999991
1990-07-31,0.07940000000000036,0.08160000000000021,0.0826000000000001,0.08330000000000001,0.08459999999999994
1990-08-31,0.07779999999999987,0.08060000000000012,0.08220000000000019,0.08439999999999992,0.08640000000000002
1990-09-30,0.07760000000000011,0.08079999999999987,0.08270000000000004,0.08509999999999998,0.0879000000000001
1990-10-31,0.07549999999999978,0.0788000000000002,0.08070000000000017,0.08330000000000001,0.0859000000000001
1990-11-30,0.07310000000000039,0.07600000000000029,0.07739999999999984,0.08019999999999988,0.08280000000000008
1990-12-31,0.07050000000000033,0.07309999999999985,0.07469999999999984,0.07730000000000015,0.07999999999999997
1991-01-31,0.06639999999999993,0.07129999999999999,0.07379999999999995,0.07699999999999989,0.07969999999999987
1991-02-28,0.06269999999999984,0.06869999999999975,0.0708,0.07469999999999988,0.07730000000000013
1991-03-31,0.0640000000000005,0.071,0.07349999999999997,0.07770000000000005,0.07999999999999997
1991-04-30,0.062400000000000004,0.06949999999999978,0.07229999999999998,0.07699999999999989,0.0791999999999999
1991-05-31,0.061300000000000326,0.06779999999999979,0.07119999999999996,0.07699999999999989,0.07939999999999993
1991-06-30,0.06360000000000011,0.06960000000000013,0.07390000000000017,0.07940000000000008,0.0817
1991-07-31,0.06310000000000021,0.06919999999999978,0.07379999999999995,0.07909999999999996,0.08149999999999995
1991-08-31,0.057800000000000136,0.06430000000000019,0.06799999999999985,0.07430000000000006,0.07739999999999994
1991-09-30,0.05569999999999974,0.061799999999999945,0.06500000000000017,0.07139999999999999,0.0748000000000001
1991-10-31,0.05329999999999971,0.05909999999999979,0.06230000000000014,0.06869999999999993,0.07249999999999997
1991-11-30,0.0489000000000001,0.055599999999999976,0.05899999999999997,0.06620000000000009,0.07059999999999995
1991-12-31,0.043800000000000484,0.05029999999999998,0.05389999999999984,0.06190000000000001,0.06690000000000006
1992-01-31,0.04150000000000029,0.049600000000000206,0.05400000000000001,0.062399999999999914,0.06699999999999995
1992-02-29,0.042900000000000015,0.052099999999999945,0.05720000000000006,0.06580000000000011,0.06960000000000006
1992-03-31,0.04630000000000039,0.05689999999999984,0.0618000000000001,0.06950000000000009,0.07260000000000004
1992-04-30,0.04299999999999969,0.05340000000000006,0.05929999999999982,0.06779999999999993,0.07150000000000001
1992-05-31,0.041900000000000506,0.052300000000000194,0.058100000000000096,0.06689999999999992,0.07059999999999995
1992-06-30,0.04169999999999968,0.05050000000000004,0.05599999999999991,0.06480000000000011,0.0690000000000001
1992-07-31,0.03600000000000007,0.04360000000000025,0.04909999999999998,0.05840000000000003,0.0636000000000001
1992-08-31,0.03470000000000005,0.041899999999999896,0.047200000000000186,0.05600000000000012,0.06119999999999992
1992-09-30,0.03180000000000048,0.038899999999999935,0.04420000000000009,0.053799999999999994,0.05959999999999992
1992-10-31,0.033,0.04079999999999986,0.04640000000000009,0.05600000000000012,0.06150000000000004
1992-11-30,0.03679999999999994,0.04580000000000026,0.05139999999999986,0.060399999999999954,0.06489999999999994
1992-12-31,0.037099999999999654,0.04669999999999986,0.052100000000000014,0.06080000000000004,0.0646
1993-01-31,0.035000000000000475,0.04389999999999993,0.04929999999999999,0.05830000000000013,0.06260000000000007
1993-02-28,0.03390000000000005,0.040999999999999794,0.045799999999999834,0.0543,0.05869999999999992
1993-03-31,0.03329999999999987,0.0394999999999999,0.0440000000000001,0.05189999999999998,0.05659999999999991
1993-04-30,0.03239999999999978,0.03840000000000017,0.043000000000000045,0.05130000000000009,0.055899999999999984
1993-05-31,0.033600000000000164,0.03979999999999986,0.0440000000000001,0.05200000000000007,0.05659999999999991
1993-06-30,0.03540000000000004,0.041599999999999755,0.04529999999999996,0.052200000000000024,0.056099999999999914
1993-07-31,0.03470000000000005,0.0406999999999999,0.04430000000000015,0.05089999999999996,0.05480000000000005
1993-08-31,0.034399999999999924,0.0399999999999999,0.04359999999999998,0.05029999999999988,0.05349999999999996
1993-09-30,0.033600000000000164,0.0385000000000002,0.04170000000000016,0.04729999999999996,0.05079999999999991
1993-10-31,0.03390000000000005,0.03869999999999994,0.04180000000000015,0.047100000000000045,0.05049999999999998
1993-11-30,0.03579999999999972,0.041599999999999755,0.04500000000000018,0.050599999999999944,0.05449999999999996
1993-12-31,0.03610000000000042,0.04209999999999994,0.04539999999999982,0.05150000000000007,0.05480000000000005
1994-01-31,0.03540000000000004,0.04139999999999991,0.044799999999999944,0.05089999999999996,0.05429999999999994
1994-02-28,0.03869999999999977,0.04469999999999982,0.04830000000000002,0.054000000000000034,0.057200000000000084
1994-03-31,0.043199999999999884,0.04999999999999979,0.05400000000000001,0.059399999999999974,0.06279999999999993
1994-04-30,0.048200000000000236,0.05549999999999999,0.05989999999999998,0.06519999999999995,0.06799999999999994
1994-05-31,0.053099999999999974,0.059700000000000183,0.06339999999999991,0.06779999999999993,0.07009999999999997
1994-06-30,0.05270000000000045,0.0592999999999999,0.06269999999999991,0.06699999999999998,0.06910000000000001
1994-07-31,0.05479999999999957,0.06130000000000016,0.06479999999999997,0.06910000000000013,0.07120000000000001
1994-08-31,0.05560000000000005,0.061799999999999945,0.06500000000000017,0.06879999999999993,0.07059999999999995
1994-09-30,0.05759999999999961,0.06389999999999976,0.06689999999999995,0.0708,0.0728
1994-10-31,0.061099999999999495,0.06730000000000011,0.0703999999999999,0.0739999999999999,0.07580000000000002
1994-11-30,0.06540000000000014,0.07149999999999998,0.0743999999999998,0.0772,0.0782999999999999
1994-12-31,0.0713999999999998,0.07589999999999984,0.07709999999999982,0.07780000000000004,0.078
1995-01-31,0.07050000000000033,0.07509999999999985,0.07660000000000007,0.07760000000000002,0.07789999999999989
1995-02-28,0.0669999999999995,0.07110000000000012,0.07249999999999994,0.07370000000000013,0.07440000000000006
1995-03-31,0.06429999999999947,0.06779999999999979,0.06890000000000016,0.07050000000000003,0.07139999999999998
1995-04-30,0.06269999999999984,0.06570000000000005,0.06679999999999985,0.0685999999999999,0.06950000000000005
1995-05-31,0.05999999999999964,0.061700000000000206,0.06269999999999991,0.06409999999999987,0.06500000000000004
1995-06-30,0.056400000000000276,0.057200000000000174,0.05800000000000019,0.05930000000000009,0.06049999999999994
1995-07-31,0.05589999999999957,0.05779999999999992,0.05890000000000014,0.060099999999999945,0.0619999999999999
1995-08-31,0.05750000000000016,0.05979999999999984,0.061,0.062399999999999914,0.06409999999999996
1995-09-30,0.05620000000000021,0.0581000000000002,0.05890000000000014,0.05999999999999996,0.06129999999999991
1995-10-31,0.05589999999999957,0.057000000000000196,0.057699999999999835,0.05860000000000013,0.059699999999999906
1995-11-30,0.05430000000000049,0.05480000000000012,0.055699999999999854,0.056900000000000006,0.05830000000000005
1995-12-31,0.053099999999999974,0.05319999999999979,0.05389999999999984,0.055099999999999996,0.05630000000000001
1996-01-31,0.05089999999999993,0.05110000000000005,0.05200000000000018,0.053600000000000016,0.055400000000000074
1996-02-29,0.049400000000000215,0.05029999999999998,0.05139999999999986,0.053799999999999994,0.056400000000000096
1996-03-31,0.05340000000000027,0.05659999999999986,0.057899999999999986,0.05970000000000007,0.0619000000000001
1996-04-30,0.05540000000000057,0.0596,0.06109999999999988,0.06299999999999993,0.06480000000000001
1996-05-31,0.056400000000000276,0.06100000000000005,0.06269999999999991,0.06480000000000011,0.06660000000000006
1996-06-30,0.05810000000000034,0.06300000000000006,0.06489999999999992,0.06689999999999992,0.06830000000000008
1996-07-31,0.05849999999999958,0.06270000000000023,0.06449999999999995,0.06640000000000007,0.0676
1996-08-31,0.05670000000000044,0.060299999999999736,0.06209999999999996,0.0639000000000001,0.0651999999999999
1996-09-30,0.058300000000000025,0.062299999999999835,0.06410000000000016,0.06600000000000006,0.06729999999999998
1996-10-31,0.055499999999999605,0.05909999999999979,0.06080000000000016,0.06270000000000003,0.06419999999999994
1996-11-30,0.05419999999999991,0.057000000000000196,0.058199999999999925,0.05970000000000007,0.0610000000000001
1996-12-31,0.054700000000000124,0.05779999999999992,0.059099999999999826,0.06069999999999994,0.0619999999999999
1997-01-31,0.05610000000000039,0.06010000000000016,0.06159999999999998,0.0633000000000001,0.0646999999999999
1997-02-28,0.05529999999999957,0.059000000000000184,0.06029999999999999,0.06200000000000007,0.0631999999999999
1997-03-31,0.05799999999999951,0.06220000000000017,0.0638000000000001,0.06539999999999999,0.06649999999999992
1997-04-30,0.05989999999999975,0.06450000000000007,0.06609999999999987,0.06760000000000008,0.06860000000000009
1997-05-31,0.05869999999999995,0.06279999999999998,0.06420000000000003,0.06570000000000012,0.06660000000000006
1997-06-30,0.056899999999999784,0.060900000000000155,0.06239999999999987,0.06380000000000006,0.0646
1997-07-31,0.05540000000000057,0.058900000000000195,0.060000000000000005,0.061200000000000046,0.0619999999999999
1997-08-31,0.05560000000000005,0.059400000000000126,0.06059999999999991,0.061599999999999946,0.0629000000000001
1997-09-30,0.05520000000000017,0.05879999999999987,0.05980000000000005,0.06109999999999997,0.0619999999999999
1997-10-31,0.054599999999999926,0.057700000000000126,0.05839999999999987,0.05930000000000009,0.06049999999999994
1997-11-30,0.054599999999999926,0.05710000000000018,0.05759999999999998,0.05800000000000004,0.05900000000000007
1997-12-31,0.05529999999999957,0.057200000000000174,0.057400000000000055,0.05769999999999993,0.05830000000000005
1998-01-31,0.05239999999999959,0.053599999999999974,0.05380000000000015,0.054200000000000095,0.055300000000000106
1998-02-28,0.053099999999999974,0.054199999999999846,0.054300000000000105,0.05489999999999995,0.05600000000000001
1998-03-31,0.053899999999999886,0.055599999999999976,0.055699999999999854,0.05609999999999993,0.057099999999999936
1998-04-30,0.053800000000000125,0.055599999999999976,0.05580000000000002,0.05609999999999993,0.05699999999999999
1998-05-31,0.05440000000000017,0.055899999999999755,0.05610000000000001,0.05630000000000002,0.057200000000000084
1998-06-30,0.05409999999999968,0.055199999999999916,0.05520000000000006,0.0552000000000001,0.055600000000000024
1998-07-31,0.05360000000000053,0.054599999999999774,0.05470000000000016,0.05460000000000008,0.055199999999999964
1998-08-31,0.05210000000000042,0.052700000000000205,0.05240000000000008,0.052700000000000115,0.05360000000000005
1998-09-30,0.04710000000000004,0.04669999999999986,0.04619999999999983,0.04619999999999993,0.04760000000000001
1998-10-31,0.04120000000000025,0.040899999999999756,0.04180000000000015,0.04180000000000011,0.044599999999999924
1998-11-30,0.04530000000000005,0.04540000000000014,0.0457,0.045399999999999927,0.04779999999999997
1998-12-31,0.04520000000000032,0.04510000000000009,0.044799999999999944,0.044499999999999935,0.046499999999999916
1999-01-31,0.04509999999999969,0.0462000000000001,0.04610000000000006,0.04599999999999999,0.048000000000000057
1999-02-28,0.047000000000000174,0.04879999999999985,0.049000000000000175,0.049100000000000046,0.051
1999-03-31,0.047799999999999856,0.05050000000000004,0.05109999999999982,0.051400000000000036,0.050899999999999966
1999-04-30,0.04690000000000019,0.049799999999999976,0.050300000000000074,0.0508,0.05279999999999991
1999-05-31,0.04849999999999994,0.052499999999999755,0.05329999999999998,0.05439999999999988,0.056400000000000096
1999-06-30,0.05099999999999995,0.056200000000000104,0.05699999999999997,0.0581,0.06049999999999994
1999-07-31,0.0502999999999997,0.05549999999999999,0.05620000000000001,0.05680000000000005,0.059399999999999994
1999-08-31,0.05199999999999959,0.05680000000000006,0.057699999999999835,0.05840000000000003,0.06150000000000004
1999-09-30,0.05250000000000026,0.05659999999999986,0.057500000000000114,0.05800000000000004,0.06119999999999992
1999-10-31,0.05430000000000049,0.05860000000000023,0.059399999999999974,0.06030000000000013,0.06329999999999988
1999-11-30,0.055499999999999605,0.05860000000000023,0.0591999999999999,0.05970000000000007,0.06170000000000001
1999-12-31,0.058399999999999966,0.06100000000000005,0.06140000000000009,0.06190000000000001,0.06379999999999998
2000-01-31,0.06119999999999989,0.06439999999999978,0.06489999999999992,0.06580000000000011,0.06699999999999995
2000-02-29,0.062200000000000394,0.06609999999999994,0.06649999999999999,0.06679999999999987,0.06720000000000002
2000-03-31,0.062200000000000394,0.06529999999999993,0.06529999999999984,0.06500000000000006,0.06509999999999991
2000-04-30,0.06149999999999969,0.06399999999999989,0.06360000000000014,0.06259999999999999,0.06269999999999991
2000-05-31,0.06329999999999993,0.06809999999999973,0.0676999999999998,0.06689999999999992,0.06690000000000006
2000-06-30,0.0616999999999999,0.06480000000000018,0.06430000000000015,0.06299999999999993,0.06329999999999988
2000-07-31,0.06080000000000027,0.06340000000000011,0.06280000000000018,0.0618000000000001,0.06220000000000007
2000-08-31,0.06180000000000011,0.062299999999999835,0.06170000000000015,0.06059999999999986,0.06049999999999994
2000-09-30,0.061300000000000326,0.06080000000000008,0.06020000000000004,0.05930000000000009,0.059799999999999985
2000-10-31,0.06010000000000001,0.05909999999999979,0.05849999999999992,0.057800000000000094,0.05839999999999994
2000-11-30,0.06090000000000037,0.05879999999999987,0.057899999999999986,0.05699999999999992,0.05779999999999995
2000-12-31,0.05600000000000033,0.05349999999999977,0.05259999999999982,0.051699999999999954,0.05279999999999991
2001-01-31,0.04810000000000008,0.047599999999999996,0.04770000000000011,0.04860000000000011,0.05129999999999996
2001-02-28,0.04680000000000034,0.04660000000000027,0.04709999999999989,0.048899999999999944,0.051
2001-03-31,0.04299999999999969,0.04340000000000006,0.04430000000000015,0.04639999999999992,0.04880000000000001
2001-04-30,0.03979999999999955,0.04230000000000005,0.04420000000000009,0.04760000000000012,0.05029999999999994
2001-05-31,0.037800000000000236,0.04260000000000008,0.04509999999999984,0.04929999999999991,0.05240000000000006
2001-06-30,0.03579999999999972,0.04079999999999986,0.043500000000000184,0.04809999999999992,0.051400000000000015
2001-07-31,0.036200000000000114,0.04040000000000023,0.04309999999999994,0.04760000000000012,0.050599999999999916
2001-08-31,0.03470000000000005,0.037599999999999995,0.04039999999999997,0.04569999999999992,0.04839999999999991
2001-09-30,0.028199999999999566,0.031200000000000002,0.03450000000000016,0.04119999999999993,0.045100000000000064
2001-10-31,0.023299999999999516,0.027299999999999963,0.03140000000000015,0.03910000000000009,0.043099999999999986
2001-11-30,0.021800000000000378,0.027800000000000026,0.032199999999999986,0.03969999999999995,0.0442
2001-12-31,0.022200000000000275,0.031100000000000197,0.03620000000000008,0.04389999999999991,0.04859999999999994
2002-01-31,0.021599999999999907,0.030299999999999876,0.03560000000000004,0.043400000000000105,0.04790000000000006
2002-02-28,0.022300000000000507,0.03020000000000012,0.03550000000000017,0.04299999999999997,0.047100000000000024
2002-03-31,0.025699999999999824,0.03559999999999976,0.04140000000000016,0.04739999999999993,0.051400000000000015
2002-04-30,0.024800000000000003,0.03420000000000007,0.04010000000000006,0.04650000000000003,0.05019999999999991
2002-05-31,0.023499999999999844,0.032599999999999935,0.03800000000000013,0.04489999999999998,0.048999999999999926
2002-06-30,0.021999999999999995,0.029900000000000006,0.03489999999999991,0.04190000000000006,0.04599999999999998
2002-07-31,0.019600000000000416,0.02559999999999995,0.03009999999999993,0.038100000000000044,0.04299999999999992
2002-08-31,0.01760000000000008,0.02130000000000024,0.025200000000000177,0.03289999999999988,0.038799999999999925
2002-09-30,0.01709999999999974,0.020000000000000132,0.02319999999999989,0.029400000000000103,0.035000000000000024
2002-10-31,0.01650000000000037,0.019099999999999746,0.022500000000000176,0.029500000000000092,0.03540000000000004
2002-11-30,0.014899999999999839,0.019200000000000217,0.02319999999999989,0.030499999999999933,0.03640000000000008
2002-12-31,0.014500000000000348,0.01839999999999997,0.022300000000000045,0.030299999999999983,0.036300000000000034
2003-01-31,0.013600000000000055,0.01739999999999993,0.021800000000000045,0.030499999999999933,0.036000000000000025
2003-02-28,0.012999999999999555,0.01629999999999989,0.020499999999999897,0.029000000000000074,0.0345
2003-03-31,0.012400000000000374,0.015700000000000172,0.019799999999999974,0.027799999999999915,0.033399999999999916
2003-04-30,0.012699999999999908,0.01619999999999989,0.02060000000000004,0.029300000000000066,0.03469999999999998
2003-05-31,0.011799999999999684,0.014199999999999838,0.01750000000000009,0.02520000000000002,0.03070000000000005
2003-06-30,0.010100000000000305,0.012300000000000156,0.015100000000000016,0.022700000000000005,0.028399999999999984
2003-07-31,0.011200000000000487,0.014699999999999816,0.019300000000000078,0.02869999999999993,0.0345
2003-08-31,0.013099999999999725,0.01859999999999975,0.024399999999999932,0.0337000000000001,0.039600000000000087
2003-09-30,0.012400000000000374,0.017099999999999737,0.022300000000000045,0.0317999999999999,0.037399999999999975
2003-10-31,0.012500000000000436,0.017500000000000238,0.022600000000000092,0.03190000000000007,0.037499999999999915
2003-11-30,0.013400000000000441,0.019299999999999862,0.024500000000000095,0.03289999999999988,0.03809999999999992
2003-12-31,0.013099999999999725,0.019099999999999746,0.024399999999999932,0.03269999999999997,0.03789999999999992
2004-01-31,0.012400000000000374,0.01759999999999995,0.022700000000000154,0.031200000000000106,0.036499999999999914
2004-02-29,0.012400000000000374,0.01739999999999993,0.022500000000000176,0.030699999999999967,0.035900000000000105
2004-03-31,0.011899999999999952,0.0157999999999998,0.01999999999999988,0.027899999999999897,0.033099999999999956
2004-04-30,0.014300000000000479,0.02070000000000001,0.025699999999999872,0.03389999999999989,0.03890000000000005
2004-05-31,0.01779999999999961,0.02529999999999991,0.030999999999999844,0.038500000000000076,0.043099999999999986
2004-06-30,0.02120000000000042,0.027600000000000086,0.03259999999999989,0.03929999999999992,0.0435
2004-07-31,0.020999999999999575,0.026400000000000253,0.030500000000000086,0.036900000000000016,0.04109999999999997
2004-08-31,0.02019999999999956,0.025100000000000046,0.0287999999999999,0.03470000000000007,0.039000000000000055
2004-09-30,0.02120000000000042,0.02529999999999991,0.02829999999999999,0.03359999999999995,0.037499999999999915
2004-10-31,0.022300000000000507,0.02580000000000015,0.028499999999999973,0.03350000000000003,0.037499999999999915
2004-11-30,0.024999999999999713,0.028500000000000178,0.030899999999999844,0.03519999999999999,0.038799999999999925
2004-12-31,0.02670000000000039,0.030099999999999943,0.03209999999999982,0.036000000000000004,0.039299999999999995
2005-01-31,0.028600000000000493,0.03219999999999987,0.03390000000000009,0.0370999999999999,0.03970000000000006
2005-02-28,0.03030000000000001,0.03379999999999986,0.03539999999999989,0.0377,0.03970000000000006
2005-03-31,0.033,0.0373000000000001,0.03910000000000007,0.04169999999999993,0.04329999999999997
2005-04-30,0.03320000000000046,0.036499999999999866,0.03790000000000018,0.03999999999999995,0.04160000000000006
2005-05-31,0.03329999999999987,0.03640000000000003,0.03720000000000015,0.038500000000000076,0.039400000000000004
2005-06-30,0.033600000000000164,0.03640000000000003,0.036799999999999944,0.0377,0.03859999999999998
2005-07-31,0.03639999999999979,0.03869999999999994,0.03910000000000007,0.0397999999999999,0.04060000000000003
2005-08-31,0.03869999999999977,0.04040000000000023,0.04079999999999997,0.04119999999999993,0.0418
2005-09-30,0.0384999999999995,0.0394999999999999,0.039600000000000087,0.040100000000000066,0.04080000000000006
2005-10-31,0.04180000000000027,0.04270000000000003,0.04289999999999999,0.04329999999999991,0.043800000000000006
2005-11-30,0.04329999999999977,0.04420000000000019,0.04430000000000015,0.044499999999999935,0.04479999999999997
2005-12-31,0.04349999999999997,0.043999999999999824,0.04389999999999991,0.04389999999999991,0.04410000000000001
2006-01-31,0.044399999999999516,0.043999999999999824,0.043500000000000184,0.04349999999999996,0.04360000000000003
2006-02-28,0.04680000000000034,0.04669999999999986,0.04640000000000009,0.04569999999999992,0.045599999999999974
2006-03-31,0.04769999999999986,0.0473000000000002,0.04740000000000008,0.04719999999999992,0.047100000000000024
2006-04-30,0.048999999999999856,0.04889999999999984,0.048900000000000186,0.04900000000000003,0.04940000000000002
2006-05-31,0.04989999999999975,0.04970000000000022,0.049700000000000154,0.04999999999999997,0.05029999999999994
2006-06-30,0.0516000000000003,0.05120000000000006,0.05089999999999984,0.05069999999999995,0.05079999999999991
2006-07-31,0.05219999999999964,0.05120000000000006,0.050699999999999856,0.050400000000000035,0.05049999999999998
2006-08-31,0.050799999999999935,0.04899999999999993,0.04850000000000018,0.04819999999999988,0.048299999999999996
2006-09-30,0.04970000000000023,0.04769999999999994,0.04689999999999991,0.046700000000000116,0.04679999999999994
2006-10-31,0.050099999999999506,0.0480000000000001,0.047200000000000186,0.0469000000000001,0.04690000000000005
2006-11-30,0.050099999999999506,0.04740000000000018,0.04640000000000009,0.04579999999999999,0.0458
2006-12-31,0.049400000000000215,0.04669999999999986,0.045799999999999834,0.045300000000000035,0.04540000000000006
2007-01-31,0.05059999999999982,0.04879999999999985,0.0479000000000001,0.04749999999999991,0.04749999999999994
2007-02-28,0.05049999999999991,0.04849999999999979,0.047499999999999966,0.047100000000000045,0.047100000000000024
2007-03-31,0.04920000000000029,0.04570000000000007,0.04509999999999984,0.04480000000000004,0.04499999999999995
2007-04-30,0.049299999999999664,0.04669999999999986,0.046000000000000124,0.04589999999999997,0.04619999999999998
2007-05-31,0.04909999999999992,0.04769999999999994,0.04689999999999991,0.046700000000000116,0.04690000000000005
2007-06-30,0.0495999999999997,0.049799999999999976,0.04999999999999991,0.05029999999999988,0.05049999999999998
2007-07-31,0.0495999999999997,0.048199999999999785,0.04819999999999994,0.04880000000000012,0.049299999999999976
2007-08-31,0.04469999999999988,0.04310000000000008,0.04340000000000002,0.044299999999999964,0.04529999999999991
2007-09-30,0.04140000000000002,0.040099999999999775,0.0406000000000001,0.04200000000000003,0.04329999999999997
2007-10-31,0.0409999999999999,0.03970000000000018,0.04010000000000006,0.04200000000000003,0.04329999999999997
2007-11-30,0.035000000000000475,0.03339999999999998,0.03350000000000016,0.03669999999999992,0.03870000000000008
2007-12-31,0.03259999999999978,0.031200000000000002,0.03129999999999984,0.034900000000000105,0.037399999999999975
2008-01-31,0.027100000000000336,0.02479999999999985,0.025099999999999897,0.029800000000000056,0.033099999999999956
2008-02-29,0.020499999999999862,0.019700000000000113,0.02190000000000003,0.027799999999999915,0.03210000000000005
2008-03-31,0.01539999999999975,0.01619999999999989,0.01800000000000011,0.02479999999999997,0.02930000000000004
2008-04-30,0.017399999999999596,0.02049999999999995,0.022300000000000045,0.028399999999999998,0.03189999999999995
2008-05-31,0.020599999999999594,0.024499999999999928,0.0268999999999999,0.03149999999999989,0.034600000000000006
2008-06-30,0.02420000000000025,0.027700000000000283,0.030800000000000067,0.034900000000000105,0.037299999999999965
2008-07-31,0.022800000000000487,0.025700000000000188,0.02870000000000005,0.03299999999999996,0.036000000000000025
2008-08-31,0.021800000000000378,0.024199999999999996,0.027000000000000007,0.031400000000000025,0.034600000000000006
2008-09-30,0.019100000000000023,0.020800000000000003,0.02319999999999989,0.02880000000000001,0.03249999999999999
2008-10-31,0.014200000000000462,0.016100000000000073,0.01859999999999996,0.02730000000000003,0.03189999999999995
2008-11-30,0.010699999999999979,0.012100000000000125,0.015100000000000016,0.02290000000000005,0.028200000000000006
2008-12-31,0.004899999999999802,0.008200000000000152,0.010700000000000048,0.015200000000000047,0.01890000000000001
2009-01-31,0.00439999999999996,0.008100000000000183,0.011300000000000017,0.01599999999999996,0.01979999999999993
2009-02-28,0.0062000000000004335,0.009800000000000208,0.01369999999999992,0.01870000000000005,0.023000000000000024
2009-03-31,0.0064000000000000315,0.009300000000000055,0.013100000000000077,0.01819999999999996,0.024200000000000003
2009-04-30,0.005500000000000075,0.009300000000000055,0.013199999999999885,0.018599999999999905,0.024699999999999982
2009-05-31,0.005000000000000328,0.009300000000000055,0.013899999999999893,0.021300000000000104,0.02809999999999998
2009-06-30,0.005099999999999592,0.01179999999999998,0.017600000000000168,0.02710000000000006,0.0337
2009-07-31,0.004800000000000215,0.010200000000000034,0.015500000000000127,0.02459999999999997,0.031400000000000004
2009-08-31,0.004600000000000214,0.01119999999999995,0.016500000000000084,0.02569999999999999,0.03210000000000005
2009-09-30,0.004000000000000434,0.009600000000000247,0.01479999999999984,0.023700000000000103,0.030200000000000067
2009-10-31,0.00369999999999955,0.009500000000000005,0.014600000000000161,0.02329999999999989,0.02960000000000008
2009-11-30,0.0030999999999999687,0.008000000000000045,0.013199999999999885,0.02229999999999996,0.029200000000000007
2009-12-31,0.00369999999999955,0.008699999999999798,0.013800000000000007,0.023400000000000074,0.03070000000000005
2010-01-31,0.0034999999999999103,0.009300000000000055,0.01489999999999996,0.02479999999999997,0.03210000000000005
2010-02-28,0.0034999999999999103,0.008599999999999788,0.01399999999999986,0.023600000000000072,0.03119999999999997
2010-03-31,0.004000000000000434,0.009600000000000247,0.015100000000000016,0.024300000000000082,0.03159999999999998
2010-04-30,0.00439999999999996,0.01060000000000021,0.0164000000000001,0.025800000000000028,0.032800000000000086
2010-05-31,0.00369999999999955,0.00830000000000014,0.013199999999999885,0.021800000000000097,0.02859999999999995
2010-06-30,0.003199999999999939,0.007200000000000012,0.011699999999999948,0.019999999999999914,0.026600000000000044
2010-07-31,0.0028999999999999334,0.006200000000000187,0.009799999999999877,0.017599999999999928,0.024299999999999926
2010-08-31,0.0025999999999997575,0.005199999999999799,0.0078000000000001445,0.014700000000000057,0.021000000000000074
2010-09-30,0.0025999999999997575,0.004799999999999978,0.007400000000000091,0.014100000000000066,0.020499999999999952
2010-10-31,0.002300000000000136,0.003800000000000185,0.0056999999999999135,0.011799999999999936,0.01850000000000007
2010-11-30,0.0025000000000001505,0.00449999999999984,0.006699999999999893,0.013500000000000106,0.020199999999999965
2010-12-31,0.0028999999999999334,0.006200000000000187,0.009900000000000037,0.019299999999999956,0.026600000000000044
2011-01-31,0.0027000000000001016,0.006100000000000013,0.010299999999999991,0.019899999999999994,0.02719999999999994
2011-02-28,0.0028999999999999334,0.007699999999999875,0.012800000000000145,0.0225999999999999,0.02960000000000008
2011-03-31,0.0025999999999997575,0.00699999999999995,0.011699999999999948,0.021100000000000084,0.02799999999999993
2011-04-30,0.0025000000000001505,0.007299999999999995,0.012099999999999923,0.021699999999999994,0.028399999999999984
2011-05-31,0.0019000000000001184,0.005600000000000244,0.009399999999999855,0.01840000000000008,0.025100000000000067
2011-06-30,0.0018000000000002836,0.004099999999999944,0.007100000000000016,0.01579999999999996,0.022899999999999945
2011-07-31,0.0019000000000001184,0.004099999999999944,0.006800000000000022,0.01540000000000008,0.022800000000000074
2011-08-31,0.0010999999999997054,0.002300000000000107,0.00379999999999997,0.01019999999999999,0.01630000000000003
2011-09-30,0.0009999999999999697,0.0021000000000002323,0.0035000000000000946,0.008999999999999989,0.014200000000000063
2011-10-31,0.0010999999999997054,0.0027999999999999445,0.004699999999999981,0.010600000000000043,0.016199999999999982
2011-11-30,0.0010999999999997054,0.002500000000000164,0.0038999999999999673,0.009100000000000096,0.014499999999999942
2011-12-31,0.0012000000000004305,0.002599999999999866,0.0038999999999999673,0.00889999999999996,0.014300000000000038
2012-01-31,0.0010999999999997054,0.0024000000000001073,0.0036000000000000576,0.008300000000000057,0.013799999999999995
2012-02-29,0.0016000000000002857,0.0027999999999999445,0.00379999999999997,0.008300000000000057,0.013699999999999926
2012-03-31,0.0019000000000001184,0.0033999999999998554,0.00510000000000012,0.01019999999999999,0.015599999999999935
2012-04-30,0.0018000000000002836,0.0028999999999998714,0.004299999999999942,0.00889999999999996,0.014300000000000038
2012-05-31,0.0019000000000001184,0.0028999999999998714,0.0038999999999999673,0.00759999999999991,0.012100000000000031
2012-06-30,0.0019000000000001184,0.0028999999999998714,0.0038999999999999673,0.0070999999999999,0.010800000000000075
2012-07-31,0.0019000000000001184,0.002500000000000164,0.0033000000000000616,0.006199999999999978,0.00980000000000002
2012-08-31,0.0018000000000002836,0.0027000000000001034,0.0036999999999998904,0.0070999999999999,0.011399999999999983
2012-09-30,0.0018000000000002836,0.002599999999999866,0.0033999999999999673,0.006699999999999988,0.011199999999999946
2012-10-31,0.0018000000000002836,0.0027999999999999445,0.0036999999999998904,0.0070999999999999,0.011499999999999932
2012-11-30,0.0018000000000002836,0.0027000000000001034,0.0035000000000000946,0.0066,0.010800000000000075
2012-12-31,0.0016000000000002857,0.002599999999999866,0.0035000000000000946,0.007000000000000095,0.011299999999999994
2013-01-31,0.0014999999999998777,0.0027000000000001034,0.0038999999999999673,0.008099999999999996,0.012999999999999972
2013-02-28,0.0016000000000002857,0.0027000000000001034,0.003999999999999858,0.00849999999999999,0.013500000000000007
2013-03-31,0.0014999999999998777,0.002599999999999866,0.0038999999999999673,0.00819999999999998,0.01320000000000003
2013-04-30,0.0012000000000004305,0.002300000000000107,0.0033999999999999673,0.0070999999999999,0.011499999999999932
2013-05-31,0.0012000000000004305,0.002500000000000164,0.003999999999999858,0.008399999999999916,0.013100000000000075
2013-06-30,0.0013999999999996827,0.003300000000000058,0.005799999999999865,0.011999999999999927,0.017099999999999952
2013-07-31,0.0012000000000004305,0.0033999999999998554,0.006400000000000165,0.014000000000000037,0.019899999999999942
2013-08-31,0.001300000000000273,0.003600000000000203,0.006999999999999858,0.015200000000000047,0.02150000000000002
2013-09-30,0.0012000000000004305,0.003999999999999818,0.0078000000000001445,0.01599999999999996,0.02220000000000002
2013-10-31,0.0012000000000004305,0.0033999999999998554,0.006299999999999858,0.013699999999999948,0.019899999999999942
2013-11-30,0.0012000000000004305,0.0030000000000001054,0.005799999999999865,0.013699999999999948,0.020700000000000007
2013-12-31,0.001300000000000273,0.0033999999999998554,0.006899999999999871,0.01579999999999996,0.022899999999999945
2014-01-31,0.0012000000000004305,0.003900000000000037,0.0078000000000001445,0.01649999999999991,0.022899999999999945
2014-02-28,0.0012000000000004305,0.003300000000000058,0.006899999999999871,0.015200000000000047,0.02150000000000002
2014-03-31,0.001300000000000273,0.003999999999999818,0.008200000000000105,0.016399999999999918,0.022299999999999955
2014-04-30,0.0010999999999997054,0.004200000000000173,0.008800000000000063,0.017000000000000067,0.02270000000000007
2014-05-31,0.0009999999999999697,0.003900000000000037,0.008299999999999868,0.015900000000000088,0.02120000000000008
2014-06-30,0.0009999999999999697,0.00449999999999984,0.008999999999999926,0.016799999999999933,0.021899999999999923
2014-07-31,0.0010999999999997054,0.005099999999999951,0.009699999999999874,0.017000000000000067,0.021700000000000025
2014-08-31,0.0010999999999997054,0.00469999999999989,0.009299999999999966,0.01630000000000005,0.02080000000000008
2014-09-30,0.0010999999999997054,0.005699999999999955,0.010499999999999891,0.017699999999999907,0.02220000000000002
2014-10-31,0.0009999999999999697,0.00449999999999984,0.008800000000000063,0.015499999999999962,0.01979999999999993
2014-11-30,0.001300000000000273,0.005300000000000068,0.00959999999999991,0.016200000000000003,0.020300000000000023
2014-12-31,0.002100000000000042,0.006399999999999781,0.01060000000000016,0.016399999999999918,0.01979999999999993
2015-01-31,0.002000000000000099,0.005499999999999872,0.008999999999999926,0.013699999999999948,0.016699999999999982
2015-02-28,0.002199999999999975,0.006200000000000187,0.009900000000000037,0.014700000000000057,0.017899999999999947
2015-03-31,0.0025000000000001505,0.006399999999999781,0.010200000000000122,0.015200000000000047,0.018399999999999937
2015-04-30,0.002300000000000136,0.005400000000000086,0.00870000000000016,0.013500000000000106,0.016900000000000075
2015-05-31,0.0023999999999997517,0.006100000000000013,0.009799999999999877,0.01540000000000008,0.019299999999999925
2015-06-30,0.0027999999999999176,0.006900000000000108,0.010700000000000048,0.016799999999999933,0.021000000000000074
2015-07-31,0.0029999999999999753,0.0067000000000002205,0.010299999999999991,0.01630000000000005,0.020400000000000026
2015-08-31,0.003800000000000177,0.00699999999999995,0.010299999999999991,0.01540000000000008,0.01909999999999998
2015-09-30,0.00369999999999955,0.007100000000000231,0.010100000000000003,0.014900000000000089,0.018800000000000032
2015-10-31,0.0025999999999997575,0.006399999999999781,0.009299999999999966,0.013900000000000004,0.0176
2015-11-30,0.004800000000000215,0.00880000000000004,0.012000000000000023,0.016700000000000104,0.020199999999999965
2015-12-31,0.006499999999999664,0.009800000000000208,0.012800000000000145,0.017000000000000067,0.020400000000000026
2016-01-31,0.005400000000000207,0.008999999999999862,0.011399999999999825,0.015200000000000047,0.01850000000000007
2016-02-29,0.005299999999999864,0.007299999999999995,0.008999999999999926,0.01219999999999994,0.015300000000000017
2016-03-31,0.006600000000000116,0.00880000000000004,0.010399999999999878,0.013799999999999998,0.016799999999999964
2016-04-30,0.005599999999999889,0.007699999999999875,0.009199999999999956,0.01260000000000005,0.01569999999999999
2016-05-31,0.005900000000000117,0.008200000000000152,0.009699999999999874,0.013000000000000095,0.016000000000000045
2016-06-30,0.005500000000000075,0.007299999999999995,0.008600000000000031,0.011699999999999915,0.014400000000000034
2016-07-31,0.005099999999999592,0.0067000000000002205,0.00790000000000009,0.010700000000000034,0.013299999999999933
2016-08-31,0.005700000000000279,0.007399999999999826,0.008500000000000039,0.011299999999999963,0.013999999999999981
2016-09-30,0.005900000000000117,0.007699999999999875,0.008999999999999926,0.011799999999999936,0.014600000000000014
2016-10-31,0.006600000000000116,0.008400000000000131,0.009900000000000037,0.012699999999999993,0.015599999999999935
2016-11-30,0.007400000000000064,0.009800000000000208,0.01220000000000005,0.01599999999999996,0.019299999999999925
2016-12-31,0.008699999999999559,0.01200000000000018,0.01489999999999996,0.01959999999999997,0.022899999999999945
2017-01-31,0.00829999999999989,0.012100000000000125,0.01479999999999984,0.01920000000000004,0.022299999999999955
2017-02-28,0.008199999999999888,0.01200000000000018,0.014699999999999887,0.019000000000000097,0.02220000000000002
2017-03-31,0.010100000000000305,0.013100000000000188,0.015899999999999952,0.020100000000000097,0.023000000000000024
2017-04-30,0.010399999999999599,0.012400000000000001,0.014399999999999961,0.01819999999999996,0.021000000000000074
2017-05-31,0.011200000000000487,0.013000000000000149,0.01479999999999984,0.01840000000000008,0.021099999999999914
2017-06-30,0.011999999999999574,0.013400000000000209,0.01489999999999996,0.017699999999999907,0.020099999999999958
2017-07-31,0.012200000000000027,0.013699999999999955,0.015400000000000129,0.01870000000000005,0.021300000000000065
2017-08-31,0.012300000000000103,0.013400000000000209,0.01479999999999984,0.01780000000000001,0.020300000000000023
2017-09-30,0.012799999999999562,0.013799999999999936,0.015100000000000016,0.01800000000000005,0.020300000000000023
2017-10-31,0.0139999999999999,0.015499999999999946,0.016800000000000072,0.0197999999999999,0.022000000000000065
2017-11-30,0.01560000000000023,0.016999999999999838,0.01810000000000016,0.020499999999999893,0.022299999999999955
2017-12-31,0.016999999999999654,0.01839999999999997,0.019599999999999836,0.021800000000000097,0.023199999999999964
2018-01-31,0.017999999999999725,0.02029999999999979,0.02149999999999992,0.02380000000000002,0.025100000000000067
2018-02-28,0.019600000000000416,0.021800000000000007,0.023600000000000176,0.02600000000000008,0.027800000000000047
2018-03-31,0.020599999999999594,0.022800000000000018,0.02420000000000008,0.026299999999999952,0.027700000000000082
2018-04-30,0.02149999999999962,0.023800000000000255,0.025200000000000177,0.027000000000000107,0.028200000000000006
2018-05-31,0.022699999999999852,0.025100000000000046,0.02659999999999996,0.028199999999999982,0.02930000000000004
2018-06-30,0.023299999999999516,0.02529999999999991,0.026500000000000145,0.027799999999999915,0.028700000000000052
2018-07-31,0.02390000000000034,0.02609999999999982,0.027000000000000007,0.027799999999999915,0.028499999999999994
2018-08-31,0.02450000000000033,0.026400000000000253,0.027100000000000082,0.027700000000000058,0.028399999999999984
2018-09-30,0.025599999999999904,0.027700000000000283,0.028400000000000054,0.028899999999999964,0.02960000000000008
2018-10-31,0.026500000000000017,0.028600000000000007,0.02939999999999983,0.02999999999999995,0.030899999999999934
2018-11-30,0.026999999999999778,0.028600000000000007,0.029099999999999956,0.029500000000000092,0.030400000000000007
2018-12-31,0.026600000000000398,0.026800000000000265,0.026699999999999984,0.02680000000000001,0.027500000000000056
2019-01-31,0.025800000000000094,0.025399999999999968,0.025200000000000177,0.025399999999999995,0.026099999999999977
2019-02-28,0.025500000000000116,0.024999999999999998,0.02480000000000013,0.024900000000000044,0.025700000000000063
2019-03-31,0.024899999999999606,0.024100000000000118,0.023699999999999832,0.023700000000000103,0.024699999999999982
2019-04-30,0.02420000000000025,0.02340000000000017,0.023100000000000148,0.02329999999999989,0.024299999999999926
2019-05-31,0.023400000000000434,0.022100000000000165,0.021599999999999866,0.021900000000000006,0.022899999999999945
2019-06-30,0.020000000000000278,0.018100000000000057,0.01780000000000009,0.018300000000000052,0.01950000000000002
2019-07-31,0.019600000000000416,0.01839999999999997,0.01800000000000011,0.018300000000000052,0.019299999999999925
2019-08-31,0.017699999999999685,0.015700000000000172,0.015100000000000016,0.014900000000000089,0.015499999999999996
2019-09-30,0.017999999999999725,0.0165,0.015899999999999952,0.015700000000000033,0.01640000000000002
2019-10-31,0.016100000000000177,0.015499999999999946,0.015299999999999906,0.015300000000000013,0.016199999999999982
2019-11-30,0.01570000000000004,0.016100000000000073,0.016100000000000055,0.016399999999999918,0.017400000000000044
2019-12-31,0.015499999999999937,0.016100000000000073,0.016300000000000033,0.016799999999999933,0.017899999999999947
2020-01-31,0.01530000000000036,0.015200000000000012,0.015200000000000012,0.01560000000000005,0.016699999999999982
2020-02-29,0.014099999999999944,0.013300000000000199,0.013100000000000077,0.013199999999999976,0.014200000000000063
2020-03-31,0.003300000000000123,0.00449999999999984,0.0049999999999998926,0.005900000000000053,0.007799999999999989
2020-04-30,0.0018000000000002836,0.00219999999999998,0.0028000000000001153,0.003900000000000046,0.0054999999999999286
2020-05-31,0.0016000000000002857,0.001699999999999817,0.0022000000000000387,0.003399999999999931,0.005299999999999951
2020-06-30,0.0018000000000002836,0.0019000000000000885,0.0022000000000000387,0.003399999999999931,0.0054999999999999286
2020-07-31,0.0014999999999998777,0.0014999999999999877,0.001699999999999864,0.00279999999999998,0.004600000000000021
2020-08-31,0.001300000000000273,0.0013999999999999588,0.0016000000000000716,0.002699999999999929,0.004600000000000021
2020-09-30,0.001300000000000273,0.0012999999999998787,0.0016000000000000716,0.002699999999999929,0.004600000000000021
2020-10-31,0.001300000000000273,0.0014999999999999877,0.0019000000000000928,0.003399999999999931,0.0054999999999999286
2020-11-30,0.0012000000000004305,0.001699999999999817,0.0022000000000000387,0.003900000000000046,0.0062999999999999515
2020-12-31,0.0009999999999999697,0.0013999999999999588,0.0019000000000000928,0.003900000000000046,0.0066000000000000555
2021-01-31,0.0009999999999999697,0.0012999999999998787,0.0020000000000000703,0.0045000000000000725,0.007699999999999984
2021-02-28,0.0007000000000003618,0.0011999999999998759,0.002099999999999895,0.005399999999999955,0.009100000000000009
2021-03-31,0.0007999999999996762,0.0014999999999999877,0.0031999999999999854,0.00819999999999998,0.012699999999999965
