Dates,1Y Bond,2Y Bond,3Y Bond,5Y Bond,7Y Bond
1976-06-30,-0.06519999999999987,-0.14119999999999955,-0.21930000000000013,-0.38049999999999934,-0.5424999999999998
1976-07-31,-0.06199999999999992,-0.1369999999999994,-0.21359999999999987,-0.3744999999999997,-0.5389999999999997
1976-08-31,-0.05999999999999964,-0.13260000000000027,-0.2058,-0.36549999999999944,-0.5306000000000002
1976-09-30,-0.058399999999999966,-0.12840000000000015,-0.1998000000000002,-0.3564999999999999,-0.5186999999999999
1976-10-31,-0.05499999999999982,-0.11959999999999968,-0.18719999999999962,-0.3375000000000007,-0.5011999999999998
1976-11-30,-0.052899999999999475,-0.1162000000000004,-0.18269999999999983,-0.3259999999999998,-0.4802000000000007
1976-12-31,-0.0489000000000001,-0.10760000000000042,-0.17040000000000036,-0.3049999999999996,-0.4458999999999997
1977-01-31,-0.052899999999999475,-0.11800000000000037,-0.18660000000000035,-0.32900000000000057,-0.4843999999999992
1977-02-28,-0.054700000000000124,-0.12180000000000031,-0.19319999999999957,-0.34150000000000025,-0.5011999999999998
1977-03-31,-0.05499999999999982,-0.12180000000000031,-0.19410000000000033,-0.3465000000000005,-0.5039999999999994
1977-04-30,-0.05440000000000017,-0.1192,-0.18930000000000027,-0.3394999999999997,-0.4977000000000002
1977-05-31,-0.058399999999999966,-0.12500000000000044,-0.1964999999999996,-0.34700000000000064,-0.5082000000000003
1977-06-30,-0.05799999999999951,-0.12260000000000032,-0.1917000000000002,-0.33800000000000036,-0.4934999999999995
1977-07-31,-0.059399999999999925,-0.12540000000000046,-0.19529999999999959,-0.3420000000000003,-0.49840000000000007
1977-08-31,-0.06370000000000006,-0.13219999999999987,-0.20370000000000052,-0.35149999999999976,-0.5067999999999993
1977-09-30,-0.06529999999999951,-0.13419999999999951,-0.2052000000000005,-0.3519999999999998,-0.5046999999999991
1977-10-31,-0.06969999999999994,-0.14220000000000024,-0.21570000000000047,-0.3659999999999996,-0.5208000000000005
1977-11-30,-0.06950000000000002,-0.14280000000000018,-0.21659999999999976,-0.36699999999999955,-0.5222000000000003
1977-12-31,-0.06959999999999968,-0.14359999999999962,-0.21899999999999945,-0.3740000000000006,-0.5313000000000004
1978-01-31,-0.07280000000000006,-0.14980000000000002,-0.2282999999999994,-0.38850000000000023,-0.5501999999999994
1978-02-28,-0.0734000000000001,-0.15139999999999987,-0.2301000000000004,-0.3914999999999993,-0.5557999999999995
1978-03-31,-0.07310000000000039,-0.15159999999999985,-0.23099999999999965,-0.39300000000000035,-0.5564999999999994
1978-04-30,-0.07450000000000044,-0.15479999999999972,-0.23550000000000024,-0.3989999999999999,-0.5642000000000003
1978-05-31,-0.07819999999999988,-0.1601999999999997,-0.2421000000000005,-0.4089999999999997,-0.5774999999999991
1978-06-30,-0.08089999999999962,-0.1648000000000001,-0.24900000000000053,-0.4180000000000003,-0.5880000000000004
1978-07-31,-0.08389999999999971,-0.16980000000000028,-0.2562000000000002,-0.4269999999999992,-0.5985000000000009
1978-08-31,-0.08310000000000005,-0.16740000000000008,-0.24989999999999965,-0.4165000000000001,-0.5866
1978-09-30,-0.0863999999999997,-0.17139999999999994,-0.25230000000000047,-0.4215000000000003,-0.5893999999999996
1978-10-31,-0.09140000000000013,-0.1769999999999999,-0.2586000000000005,-0.43050000000000027,-0.6048000000000001
1978-11-30,-0.10010000000000027,-0.18840000000000054,-0.2712000000000008,-0.44200000000000034,-0.6159999999999993
1978-12-31,-0.10300000000000047,-0.1943999999999999,-0.2798999999999997,-0.45400000000000024,-0.6320999999999998
1979-01-31,-0.1040999999999999,-0.19720000000000018,-0.2849999999999996,-0.46,-0.6397999999999995
1979-02-28,-0.10240000000000012,-0.1943999999999999,-0.27870000000000034,-0.4564999999999993,-0.6377000000000009
1979-03-31,-0.10249999999999947,-0.1958,-0.28139999999999993,-0.46,-0.6405000000000003
1979-04-30,-0.10120000000000037,-0.19559999999999947,-0.2828999999999996,-0.46249999999999997,-0.6447000000000007
1979-05-31,-0.10120000000000037,-0.19559999999999947,-0.28260000000000063,-0.4620000000000004,-0.6460999999999998
1979-06-30,-0.09569999999999987,-0.18440000000000029,-0.26849999999999946,-0.44249999999999995,-0.6202000000000002
1979-07-31,-0.09639999999999957,-0.1827999999999999,-0.2682000000000002,-0.44499999999999973,-0.6244000000000002
1979-08-31,-0.09979999999999965,-0.18920000000000015,-0.27419999999999956,-0.4530000000000004,-0.6334999999999995
1979-09-30,-0.10839999999999969,-0.20119999999999966,-0.29069999999999996,-0.4704999999999995,-0.6566000000000001
1979-10-31,-0.12440000000000034,-0.22980000000000023,-0.3285000000000006,-0.5315000000000005,-0.7328999999999996
1979-11-30,-0.12389999999999957,-0.23619999999999966,-0.3354000000000004,-0.5465000000000002,-0.7560000000000007
1979-12-31,-0.11980000000000038,-0.22779999999999948,-0.3213000000000004,-0.5210000000000002,-0.7294000000000002
1980-01-31,-0.12059999999999947,-0.22999999999999995,-0.3263999999999994,-0.5370000000000006,-0.7539000000000003
1980-02-29,-0.13920000000000027,-0.26840000000000025,-0.3852000000000004,-0.6300000000000004,-0.8771000000000001
1980-03-31,-0.15820000000000028,-0.2976000000000004,-0.4215000000000003,-0.6735000000000011,-0.9099999999999999
1980-04-30,-0.13300000000000017,-0.24999999999999983,-0.36059999999999937,-0.5919999999999997,-0.8043
1980-05-31,-0.09389999999999953,-0.18899999999999958,-0.2832000000000005,-0.4975000000000003,-0.7062999999999993
1980-06-30,-0.08159999999999971,-0.17459999999999978,-0.2673000000000003,-0.4605000000000002,-0.6615000000000003
1980-07-31,-0.08649999999999958,-0.18060000000000012,-0.2781,-0.47649999999999987,-0.6887999999999996
1980-08-31,-0.10240000000000012,-0.21059999999999954,-0.3188999999999997,-0.5420000000000001,-0.7665000000000002
1980-09-30,-0.11520000000000055,-0.23140000000000027,-0.3470999999999994,-0.5809999999999996,-0.8098999999999998
1980-10-31,-0.12490000000000047,-0.2418000000000002,-0.36030000000000023,-0.5929999999999996,-0.8252999999999988
1980-11-30,-0.14149999999999974,-0.2701999999999999,-0.39930000000000027,-0.6415000000000004,-0.8897000000000004
1980-12-31,-0.1488000000000002,-0.2816000000000004,-0.40949999999999936,-0.6625000000000002,-0.9099999999999999
1981-01-31,-0.14079999999999968,-0.26519999999999955,-0.3903000000000001,-0.6385000000000008,-0.8861999999999988
1981-02-28,-0.1456999999999998,-0.2783999999999993,-0.40949999999999936,-0.6705000000000003,-0.929599999999999
1981-03-31,-0.1371,-0.2714000000000004,-0.4053000000000002,-0.6705000000000003,-0.9267999999999991
1981-04-30,-0.1431999999999996,-0.28300000000000036,-0.42270000000000063,-0.6995,-0.9694999999999996
1981-05-31,-0.16200000000000003,-0.30919999999999953,-0.45239999999999925,-0.7314999999999996,-1.0010000000000014
1981-06-30,-0.1486000000000001,-0.2902000000000003,-0.4287000000000001,-0.6974999999999999,-0.9569000000000006
1981-07-31,-0.15720000000000023,-0.30700000000000044,-0.45449999999999935,-0.7395000000000009,-1.014300000000001
1981-08-31,-0.16719999999999982,-0.32560000000000067,-0.47999999999999987,-0.7780000000000007,-1.0654
1981-09-30,-0.16519999999999987,-0.32919999999999977,-0.4866000000000003,-0.796500000000001,-1.0954999999999984
1981-10-31,-0.15380000000000033,-0.3107999999999998,-0.4649999999999997,-0.7705000000000002,-1.0730999999999986
1981-11-30,-0.1240999999999996,-0.2576000000000003,-0.3932999999999994,-0.669,-0.9394000000000008
1981-12-31,-0.12849999999999995,-0.2657999999999998,-0.4097999999999994,-0.6799999999999993,-0.9533999999999997
1982-01-31,-0.1431999999999996,-0.29140000000000044,-0.43920000000000053,-0.7324999999999992,-1.0268999999999997
1982-02-28,-0.14729999999999993,-0.2963999999999997,-0.4419,-0.7270000000000006,-1.0121999999999989
1982-03-31,-0.13949999999999949,-0.28380000000000016,-0.42389999999999983,-0.6989999999999994,-0.9751000000000014
1982-04-30,-0.13980000000000053,-0.28400000000000025,-0.4254000000000004,-0.700000000000001,-0.9757999999999997
1982-05-31,-0.13339999999999952,-0.27560000000000023,-0.4130999999999996,-0.6874999999999999,-0.961799999999999
1982-06-30,-0.14069999999999971,-0.2894,-0.4343999999999993,-0.7215000000000004,-1.0129000000000008
1982-07-31,-0.13240000000000055,-0.2760000000000005,-0.4199999999999997,-0.7035000000000005,-0.9848999999999999
1982-08-31,-0.11429999999999976,-0.24640000000000056,-0.37860000000000044,-0.65,-0.9198000000000007
1982-09-30,-0.10849999999999997,-0.23559999999999998,-0.3608999999999994,-0.6125000000000002,-0.865200000000001
1982-10-31,-0.09320000000000055,-0.2037999999999999,-0.31859999999999983,-0.5399999999999995,-0.7616000000000007
1982-11-30,-0.09160000000000051,-0.1959999999999995,-0.29940000000000005,-0.5190000000000001,-0.7370999999999992
1982-12-31,-0.08909999999999996,-0.19319999999999957,-0.2963999999999997,-0.5110000000000009,-0.7343000000000011
1983-01-31,-0.08620000000000017,-0.18660000000000035,-0.2892000000000004,-0.5015000000000002,-0.7252000000000001
1983-02-28,-0.08919999999999986,-0.19279999999999978,-0.2973000000000005,-0.5130000000000003,-0.7392000000000001
1983-03-31,-0.09039999999999984,-0.19319999999999957,-0.2952000000000004,-0.5039999999999994,-0.7216999999999999
1983-04-30,-0.08979999999999978,-0.19140000000000032,-0.29279999999999934,-0.5009999999999992,-0.7202999999999999
1983-05-31,-0.08900000000000005,-0.18980000000000044,-0.2898,-0.5015000000000002,-0.7209999999999991
1983-06-30,-0.09659999999999996,-0.20360000000000048,-0.30959999999999954,-0.5315000000000005,-0.758099999999999
1983-07-31,-0.1019999999999998,-0.21380000000000032,-0.32699999999999996,-0.5604999999999996,-0.7945
1983-08-31,-0.1053000000000001,-0.22139999999999985,-0.33899999999999963,-0.5815000000000009,-0.8239
1983-09-30,-0.10159999999999976,-0.21579999999999974,-0.3320999999999999,-0.5714999999999992,-0.8127000000000005
1983-10-31,-0.0980999999999999,-0.21140000000000048,-0.3261000000000004,-0.5639999999999996,-0.8028999999999996
1983-11-30,-0.09940000000000045,-0.2132000000000004,-0.3287999999999996,-0.5704999999999997,-0.8127000000000005
1983-12-31,-0.10109999999999998,-0.21680000000000016,-0.3339000000000007,-0.5770000000000005,-0.8245999999999991
1984-01-31,-0.0989999999999995,-0.21280000000000004,-0.32790000000000014,-0.5685000000000006,-0.8105999999999997
1984-02-29,-0.10039999999999995,-0.21579999999999974,-0.33150000000000057,-0.5770000000000005,-0.8224999999999992
1984-03-31,-0.10589999999999976,-0.22619999999999943,-0.34769999999999984,-0.6009999999999995,-0.8575000000000003
1984-04-30,-0.10900000000000049,-0.2337999999999994,-0.35939999999999933,-0.6185,-0.8792000000000006
1984-05-31,-0.11660000000000002,-0.24939999999999965,-0.3825000000000003,-0.6585000000000001,-0.9338000000000001
1984-06-30,-0.12079999999999977,-0.25820000000000026,-0.3954000000000001,-0.6739999999999993,-0.9491999999999995
1984-07-31,-0.12030000000000017,-0.2576000000000003,-0.3924000000000002,-0.6635,-0.9345000000000006
1984-08-31,-0.11819999999999958,-0.2485999999999994,-0.3750000000000003,-0.6339999999999998,-0.8925000000000001
1984-09-30,-0.11579999999999986,-0.2440000000000006,-0.37019999999999975,-0.6265000000000003,-0.8820000000000002
1984-10-31,-0.10900000000000049,-0.2319999999999996,-0.35549999999999937,-0.6029999999999992,-0.8511999999999992
1984-11-30,-0.09820000000000045,-0.2130000000000004,-0.32699999999999996,-0.5664999999999992,-0.8043
1984-12-31,-0.09330000000000013,-0.20360000000000048,-0.3168000000000002,-0.5535000000000005,-0.8014999999999991
1985-01-31,-0.09020000000000018,-0.19860000000000005,-0.3129000000000004,-0.5465000000000002,-0.7889000000000003
1985-02-28,-0.09289999999999955,-0.2033999999999999,-0.31650000000000056,-0.5564999999999994,-0.8008000000000006
1985-03-31,-0.09859999999999973,-0.21420000000000033,-0.33150000000000057,-0.5760000000000008,-0.8273999999999995
1985-04-30,-0.09140000000000013,-0.20180000000000017,-0.31470000000000026,-0.5505000000000008,-0.7937999999999998
1985-05-31,-0.0846000000000001,-0.18780000000000016,-0.2924999999999997,-0.517,-0.7504000000000008
1985-06-30,-0.07800000000000025,-0.1737999999999995,-0.2715,-0.47999999999999987,-0.7056000000000003
1985-07-31,-0.07860000000000021,-0.1754,-0.2754000000000001,-0.48500000000000015,-0.7112
1985-08-31,-0.08049999999999953,-0.17879999999999976,-0.27930000000000044,-0.49049999999999955,-0.7140000000000004
1985-09-30,-0.0806999999999997,-0.17959999999999984,-0.2810999999999998,-0.49049999999999955,-0.7168000000000009
1985-10-31,-0.08009999999999995,-0.17719999999999997,-0.27750000000000047,-0.4845000000000007,-0.7076999999999992
1985-11-30,-0.07880000000000051,-0.1716000000000002,-0.2664000000000005,-0.4640000000000007,-0.6733999999999996
1985-12-31,-0.07669999999999948,-0.16300000000000028,-0.25200000000000017,-0.4365000000000003,-0.6377000000000009
1986-01-31,-0.07729999999999959,-0.1627999999999997,-0.25230000000000047,-0.43399999999999933,-0.6320999999999998
1986-02-28,-0.07609999999999983,-0.1593999999999999,-0.24300000000000055,-0.4169999999999994,-0.6006000000000004
1986-03-31,-0.07029999999999989,-0.14419999999999958,-0.21899999999999945,-0.3729999999999998,-0.5368999999999995
1986-04-30,-0.06439999999999974,-0.13400000000000006,-0.2058,-0.35250000000000015,-0.5011999999999998
1986-05-31,-0.06649999999999978,-0.14139999999999975,-0.21810000000000024,-0.37600000000000006,-0.5354999999999996
1986-06-30,-0.06729999999999951,-0.14359999999999962,-0.22230000000000044,-0.38200000000000023,-0.5424999999999998
1986-07-31,-0.06269999999999984,-0.13339999999999952,-0.2058,-0.3529999999999993,-0.5054000000000001
1986-08-31,-0.059300000000000415,-0.12660000000000007,-0.19469999999999976,-0.33999999999999964,-0.4906999999999998
1986-09-30,-0.05769999999999994,-0.12699999999999997,-0.19860000000000005,-0.3459999999999995,-0.5096
1986-10-31,-0.057200000000000015,-0.12559999999999996,-0.19680000000000017,-0.34150000000000025,-0.5067999999999993
1986-11-30,-0.05799999999999951,-0.12559999999999996,-0.19379999999999986,-0.33800000000000036,-0.4955999999999993
1986-12-31,-0.05869999999999995,-0.12540000000000046,-0.19290000000000043,-0.3334999999999993,-0.4879
1987-01-31,-0.057800000000000136,-0.12459999999999967,-0.19230000000000047,-0.33200000000000035,-0.4843999999999992
1987-02-28,-0.05959999999999961,-0.12799999999999978,-0.19680000000000017,-0.3394999999999997,-0.49419999999999964
1987-03-31,-0.06029999999999983,-0.12840000000000015,-0.19740000000000005,-0.3394999999999997,-0.49419999999999964
1987-04-30,-0.06500000000000047,-0.14039999999999989,-0.2196000000000004,-0.37850000000000006,-0.5480999999999993
1987-05-31,-0.07000000000000019,-0.15519999999999942,-0.24060000000000017,-0.41300000000000053,-0.5928999999999999
1987-06-30,-0.06799999999999953,-0.15139999999999987,-0.23459999999999953,-0.4009999999999994,-0.5789000000000001
1987-07-31,-0.06679999999999996,-0.1488000000000002,-0.23219999999999952,-0.4005,-0.5789000000000001
1987-08-31,-0.07029999999999989,-0.1549999999999995,-0.24090000000000056,-0.41600000000000004,-0.6013000000000007
1987-09-30,-0.07669999999999948,-0.16680000000000028,-0.2601000000000005,-0.4469999999999998,-0.6482000000000003
1987-10-31,-0.07589999999999963,-0.16799999999999973,-0.2624999999999994,-0.45400000000000024,-0.6559000000000003
1987-11-30,-0.06959999999999968,-0.15380000000000033,-0.23970000000000025,-0.4174999999999996,-0.6083000000000003
1987-12-31,-0.07170000000000015,-0.15720000000000023,-0.2438999999999994,-0.4224999999999993,-0.6174000000000002
1988-01-31,-0.06990000000000038,-0.1526000000000004,-0.23610000000000023,-0.4089999999999997,-0.5935999999999992
1988-02-29,-0.06639999999999993,-0.14359999999999962,-0.22139999999999985,-0.38549999999999934,-0.5613999999999992
1988-03-31,-0.06710000000000009,-0.14540000000000056,-0.22500000000000012,-0.3914999999999993,-0.5733000000000007
1988-04-30,-0.0701000000000004,-0.15179999999999969,-0.23490000000000055,-0.40949999999999936,-0.5963999999999994
1988-05-31,-0.07400000000000019,-0.1600000000000004,-0.24719999999999953,-0.4290000000000007,-0.6223000000000009
1988-06-30,-0.07489999999999979,-0.16060000000000013,-0.24660000000000057,-0.4245000000000004,-0.6146000000000006
1988-07-31,-0.0774999999999998,-0.1656000000000002,-0.2532000000000006,-0.4330000000000001,-0.6236999999999994
1988-08-31,-0.08169999999999968,-0.17260000000000034,-0.26309999999999933,-0.4469999999999998,-0.6390999999999991
1988-09-30,-0.08089999999999962,-0.1692000000000003,-0.25709999999999966,-0.43450000000000055,-0.6209
1988-10-31,-0.08110000000000045,-0.1670000000000003,-0.25290000000000007,-0.42549999999999993,-0.6083000000000003
1988-11-30,-0.0848000000000001,-0.17340000000000033,-0.2615999999999996,-0.43949999999999945,-0.6223000000000009
1988-12-31,-0.08989999999999956,-0.18179999999999974,-0.27330000000000054,-0.45449999999999935,-0.6390999999999991
1989-01-31,-0.09049999999999986,-0.18359999999999954,-0.2760000000000005,-0.4575000000000004,-0.6397999999999995
1989-02-28,-0.09249999999999965,-0.18740000000000012,-0.2795999999999994,-0.4635000000000003,-0.6460999999999998
1989-03-31,-0.09569999999999987,-0.19360000000000022,-0.2882999999999994,-0.4755000000000004,-0.6600999999999994
1989-04-30,-0.0935999999999999,-0.18899999999999958,-0.282,-0.4649999999999997,-0.6467999999999993
1989-05-31,-0.08979999999999978,-0.1803999999999997,-0.26940000000000014,-0.4455000000000004,-0.6216000000000005
1989-06-30,-0.08439999999999984,-0.1682000000000005,-0.2510999999999995,-0.4145000000000005,-0.5816999999999998
1989-07-31,-0.07889999999999994,-0.15640000000000032,-0.23490000000000055,-0.3914999999999993,-0.5557999999999995
1989-08-31,-0.08179999999999951,-0.1627999999999997,-0.2438999999999994,-0.4045000000000002,-0.5677000000000008
1989-09-30,-0.08220000000000027,-0.1656000000000002,-0.2478000000000003,-0.4084999999999993,-0.5761000000000005
1989-10-31,-0.07990000000000008,-0.15960000000000052,-0.24060000000000017,-0.3985,-0.5620999999999993
1989-11-30,-0.07770000000000019,-0.15600000000000053,-0.23399999999999987,-0.3905000000000005,-0.5501999999999994
1989-12-31,-0.07719999999999964,-0.15559999999999993,-0.23310000000000056,-0.3875000000000005,-0.5495000000000009
1990-01-31,-0.0792000000000003,-0.16180000000000014,-0.2438999999999994,-0.40600000000000047,-0.5739999999999995
1990-02-28,-0.08110000000000045,-0.16740000000000008,-0.25169999999999987,-0.4210000000000003,-0.5935999999999992
1990-03-31,-0.08350000000000052,-0.17260000000000034,-0.25889999999999946,-0.4299999999999993,-0.6054999999999996
1990-04-30,-0.08399999999999966,-0.17439999999999953,-0.26340000000000074,-0.4385000000000003,-0.6166999999999995
1990-05-31,-0.08319999999999951,-0.17279999999999993,-0.2606999999999995,-0.4370000000000008,-0.6146000000000006
1990-06-30,-0.08100000000000002,-0.1670000000000003,-0.25200000000000017,-0.4215000000000003,-0.5963999999999994
1990-07-31,-0.07940000000000036,-0.16320000000000043,-0.2478000000000003,-0.4165000000000001,-0.5921999999999996
1990-08-31,-0.07779999999999987,-0.16120000000000023,-0.24660000000000057,-0.4219999999999996,-0.6048000000000001
1990-09-30,-0.07760000000000011,-0.16159999999999974,-0.2481000000000001,-0.42549999999999993,-0.6153000000000007
1990-10-31,-0.07549999999999978,-0.1576000000000004,-0.2421000000000005,-0.4165000000000001,-0.6013000000000007
1990-11-30,-0.07310000000000039,-0.15200000000000058,-0.23219999999999952,-0.4009999999999994,-0.5796000000000006
1990-12-31,-0.07050000000000033,-0.1461999999999997,-0.2240999999999995,-0.38650000000000073,-0.5599999999999998
1991-01-31,-0.06639999999999993,-0.14259999999999998,-0.22139999999999985,-0.38499999999999945,-0.5578999999999991
1991-02-28,-0.06269999999999984,-0.1373999999999995,-0.2124,-0.3734999999999994,-0.5411000000000009
1991-03-31,-0.0640000000000005,-0.142,-0.22049999999999992,-0.38850000000000023,-0.5599999999999998
1991-04-30,-0.062400000000000004,-0.13899999999999957,-0.21689999999999993,-0.38499999999999945,-0.5543999999999992
1991-05-31,-0.061300000000000326,-0.13559999999999958,-0.21359999999999987,-0.38499999999999945,-0.5557999999999995
1991-06-30,-0.06360000000000011,-0.13920000000000027,-0.2217000000000005,-0.3970000000000004,-0.5719
1991-07-31,-0.06310000000000021,-0.13839999999999955,-0.22139999999999985,-0.3954999999999998,-0.5704999999999997
1991-08-31,-0.057800000000000136,-0.12860000000000038,-0.20399999999999954,-0.3715000000000003,-0.5417999999999996
1991-09-30,-0.05569999999999974,-0.12359999999999989,-0.1950000000000005,-0.357,-0.5236000000000007
1991-10-31,-0.05329999999999971,-0.11819999999999958,-0.18690000000000043,-0.34349999999999964,-0.5074999999999997
1991-11-30,-0.0489000000000001,-0.11119999999999995,-0.1769999999999999,-0.33100000000000046,-0.49419999999999964
1991-12-31,-0.043800000000000484,-0.10059999999999995,-0.1616999999999995,-0.30950000000000005,-0.46830000000000044
1992-01-31,-0.04150000000000029,-0.09920000000000041,-0.16200000000000003,-0.31199999999999956,-0.46899999999999964
1992-02-29,-0.042900000000000015,-0.10419999999999989,-0.1716000000000002,-0.32900000000000057,-0.48720000000000047
1992-03-31,-0.04630000000000039,-0.11379999999999968,-0.1854000000000003,-0.3475000000000005,-0.5082000000000003
1992-04-30,-0.04299999999999969,-0.10680000000000012,-0.17789999999999945,-0.33899999999999963,-0.5005000000000001
1992-05-31,-0.041900000000000506,-0.10460000000000039,-0.1743000000000003,-0.3344999999999996,-0.49419999999999964
1992-06-30,-0.04169999999999968,-0.10100000000000008,-0.16799999999999973,-0.3240000000000005,-0.48300000000000076
1992-07-31,-0.03600000000000007,-0.0872000000000005,-0.14729999999999993,-0.29200000000000015,-0.4452000000000007
1992-08-31,-0.03470000000000005,-0.08379999999999979,-0.14160000000000056,-0.2800000000000006,-0.42839999999999945
1992-09-30,-0.03180000000000048,-0.07779999999999987,-0.13260000000000027,-0.26899999999999996,-0.4171999999999994
1992-10-31,-0.033,-0.08159999999999971,-0.13920000000000027,-0.2800000000000006,-0.43050000000000027
1992-11-30,-0.03679999999999994,-0.09160000000000051,-0.1541999999999996,-0.30199999999999977,-0.4542999999999996
1992-12-31,-0.037099999999999654,-0.09339999999999972,-0.15630000000000005,-0.3040000000000002,-0.4522
1993-01-31,-0.035000000000000475,-0.08779999999999986,-0.14789999999999998,-0.29150000000000065,-0.4382000000000005
1993-02-28,-0.03390000000000005,-0.08199999999999959,-0.1373999999999995,-0.2715,-0.41089999999999943
1993-03-31,-0.03329999999999987,-0.0789999999999998,-0.1320000000000003,-0.2594999999999999,-0.39619999999999933
1993-04-30,-0.03239999999999978,-0.07680000000000034,-0.12900000000000014,-0.25650000000000045,-0.39129999999999987
1993-05-31,-0.033600000000000164,-0.07959999999999973,-0.1320000000000003,-0.26000000000000034,-0.39619999999999933
1993-06-30,-0.03540000000000004,-0.08319999999999951,-0.13589999999999988,-0.2610000000000001,-0.3926999999999994
1993-07-31,-0.03470000000000005,-0.0813999999999998,-0.13290000000000046,-0.2544999999999998,-0.38360000000000033
1993-08-31,-0.034399999999999924,-0.0799999999999998,-0.13079999999999994,-0.2514999999999994,-0.3744999999999997
1993-09-30,-0.033600000000000164,-0.0770000000000004,-0.1251000000000005,-0.2364999999999998,-0.35559999999999936
1993-10-31,-0.03390000000000005,-0.07739999999999989,-0.12540000000000046,-0.23550000000000024,-0.35349999999999987
1993-11-30,-0.03579999999999972,-0.08319999999999951,-0.13500000000000054,-0.2529999999999997,-0.38149999999999973
1993-12-31,-0.03610000000000042,-0.08419999999999989,-0.13619999999999946,-0.25750000000000034,-0.38360000000000033
1994-01-31,-0.03540000000000004,-0.08279999999999982,-0.13439999999999983,-0.2544999999999998,-0.38009999999999955
1994-02-28,-0.03869999999999977,-0.08939999999999965,-0.14490000000000006,-0.2700000000000002,-0.4004000000000006
1994-03-31,-0.043199999999999884,-0.09999999999999958,-0.16200000000000003,-0.2969999999999999,-0.4395999999999995
1994-04-30,-0.048200000000000236,-0.11099999999999997,-0.17969999999999994,-0.3259999999999998,-0.47599999999999953
1994-05-31,-0.053099999999999974,-0.11940000000000037,-0.19019999999999973,-0.33899999999999963,-0.4906999999999998
1994-06-30,-0.05270000000000045,-0.1185999999999998,-0.1880999999999997,-0.33499999999999985,-0.4837000000000001
1994-07-31,-0.05479999999999957,-0.12260000000000032,-0.1943999999999999,-0.34550000000000064,-0.49840000000000007
1994-08-31,-0.05560000000000005,-0.12359999999999989,-0.1950000000000005,-0.34399999999999964,-0.49419999999999964
1994-09-30,-0.05759999999999961,-0.12779999999999953,-0.20069999999999985,-0.35400000000000004,-0.5096
1994-10-31,-0.061099999999999495,-0.13460000000000022,-0.21119999999999967,-0.3699999999999995,-0.5306000000000002
1994-11-30,-0.06540000000000014,-0.14299999999999996,-0.2231999999999994,-0.386,-0.5480999999999993
1994-12-31,-0.0713999999999998,-0.15179999999999969,-0.23129999999999945,-0.3890000000000002,-0.546
1995-01-31,-0.07050000000000033,-0.1501999999999997,-0.22980000000000023,-0.38800000000000007,-0.5452999999999992
1995-02-28,-0.0669999999999995,-0.14220000000000024,-0.2174999999999998,-0.36850000000000066,-0.5208000000000005
1995-03-31,-0.06429999999999947,-0.13559999999999958,-0.20670000000000047,-0.35250000000000015,-0.4997999999999998
1995-04-30,-0.06269999999999984,-0.1314000000000001,-0.20039999999999952,-0.34299999999999947,-0.4865000000000004
1995-05-31,-0.05999999999999964,-0.12340000000000041,-0.1880999999999997,-0.32049999999999934,-0.4550000000000003
1995-06-30,-0.056400000000000276,-0.11440000000000035,-0.17400000000000057,-0.29650000000000043,-0.4234999999999996
1995-07-31,-0.05589999999999957,-0.11559999999999984,-0.1767000000000004,-0.3004999999999997,-0.43399999999999933
1995-08-31,-0.05750000000000016,-0.11959999999999968,-0.183,-0.31199999999999956,-0.4486999999999997
1995-09-30,-0.05620000000000021,-0.1162000000000004,-0.1767000000000004,-0.2999999999999998,-0.42909999999999937
1995-10-31,-0.05589999999999957,-0.11400000000000039,-0.1730999999999995,-0.29300000000000065,-0.4178999999999993
1995-11-30,-0.05430000000000049,-0.10960000000000024,-0.16709999999999955,-0.28450000000000003,-0.40810000000000035
1995-12-31,-0.053099999999999974,-0.10639999999999958,-0.1616999999999995,-0.27549999999999997,-0.39410000000000006
1996-01-31,-0.05089999999999993,-0.1022000000000001,-0.15600000000000053,-0.26800000000000007,-0.38780000000000053
1996-02-29,-0.049400000000000215,-0.10059999999999995,-0.1541999999999996,-0.26899999999999996,-0.39480000000000065
1996-03-31,-0.05340000000000027,-0.11319999999999972,-0.17369999999999997,-0.2985000000000004,-0.4333000000000007
1996-04-30,-0.05540000000000057,-0.1192,-0.18329999999999963,-0.31499999999999967,-0.45360000000000006
1996-05-31,-0.056400000000000276,-0.1220000000000001,-0.1880999999999997,-0.3240000000000005,-0.46620000000000045
1996-06-30,-0.05810000000000034,-0.1260000000000001,-0.19469999999999976,-0.3344999999999996,-0.4781000000000006
1996-07-31,-0.05849999999999958,-0.12540000000000046,-0.19349999999999984,-0.33200000000000035,-0.47319999999999995
1996-08-31,-0.05670000000000044,-0.12059999999999947,-0.18629999999999988,-0.3195000000000005,-0.45639999999999925
1996-09-30,-0.058300000000000025,-0.12459999999999967,-0.19230000000000047,-0.3300000000000003,-0.47109999999999985
1996-10-31,-0.055499999999999605,-0.11819999999999958,-0.18240000000000048,-0.31350000000000017,-0.4493999999999995
1996-11-30,-0.05419999999999991,-0.11400000000000039,-0.17459999999999978,-0.2985000000000004,-0.4270000000000007
1996-12-31,-0.054700000000000124,-0.11559999999999984,-0.17729999999999949,-0.3034999999999997,-0.43399999999999933
1997-01-31,-0.05610000000000039,-0.12020000000000032,-0.18479999999999994,-0.31650000000000056,-0.45289999999999925
1997-02-28,-0.05529999999999957,-0.11800000000000037,-0.18089999999999998,-0.31000000000000033,-0.44239999999999924
1997-03-31,-0.05799999999999951,-0.12440000000000034,-0.19140000000000032,-0.32699999999999996,-0.4654999999999994
1997-04-30,-0.05989999999999975,-0.12900000000000014,-0.1982999999999996,-0.33800000000000036,-0.4802000000000007
1997-05-31,-0.05869999999999995,-0.12559999999999996,-0.1926000000000001,-0.3285000000000006,-0.46620000000000045
1997-06-30,-0.056899999999999784,-0.12180000000000031,-0.18719999999999962,-0.31900000000000034,-0.4522
1997-07-31,-0.05540000000000057,-0.11780000000000039,-0.18000000000000002,-0.3060000000000002,-0.43399999999999933
1997-08-31,-0.05560000000000005,-0.11880000000000025,-0.18179999999999974,-0.3079999999999997,-0.4403000000000007
1997-09-30,-0.05520000000000017,-0.11759999999999975,-0.17940000000000014,-0.3054999999999998,-0.43399999999999933
1997-10-31,-0.054599999999999926,-0.11540000000000025,-0.1751999999999996,-0.29650000000000043,-0.4234999999999996
1997-11-30,-0.054599999999999926,-0.11420000000000036,-0.17279999999999993,-0.2900000000000002,-0.41300000000000053
1997-12-31,-0.05529999999999957,-0.11440000000000035,-0.17220000000000016,-0.28849999999999965,-0.40810000000000035
1998-01-31,-0.05239999999999959,-0.10719999999999995,-0.16140000000000046,-0.27100000000000046,-0.3871000000000007
1998-02-28,-0.053099999999999974,-0.10839999999999969,-0.16290000000000032,-0.27449999999999974,-0.39200000000000007
1998-03-31,-0.053899999999999886,-0.11119999999999995,-0.16709999999999955,-0.28049999999999964,-0.39969999999999956
1998-04-30,-0.053800000000000125,-0.11119999999999995,-0.16740000000000008,-0.28049999999999964,-0.3989999999999999
1998-05-31,-0.05440000000000017,-0.11179999999999951,-0.16830000000000003,-0.2815000000000001,-0.4004000000000006
1998-06-30,-0.05409999999999968,-0.11039999999999983,-0.1656000000000002,-0.2760000000000005,-0.38920000000000016
1998-07-31,-0.05360000000000053,-0.10919999999999955,-0.16410000000000047,-0.2730000000000004,-0.38639999999999974
1998-08-31,-0.05210000000000042,-0.10540000000000041,-0.15720000000000023,-0.26350000000000057,-0.37520000000000037
1998-09-30,-0.04710000000000004,-0.09339999999999972,-0.1385999999999995,-0.23099999999999965,-0.33320000000000005
1998-10-31,-0.04120000000000025,-0.08179999999999951,-0.12540000000000046,-0.20900000000000055,-0.3121999999999995
1998-11-30,-0.04530000000000005,-0.09080000000000028,-0.1371,-0.22699999999999962,-0.3345999999999998
1998-12-31,-0.04520000000000032,-0.09020000000000018,-0.13439999999999983,-0.22249999999999967,-0.3254999999999994
1999-01-31,-0.04509999999999969,-0.0924000000000002,-0.13830000000000017,-0.22999999999999995,-0.3360000000000004
1999-02-28,-0.047000000000000174,-0.0975999999999997,-0.14700000000000052,-0.24550000000000022,-0.357
1999-03-31,-0.047799999999999856,-0.10100000000000008,-0.15329999999999946,-0.2570000000000002,-0.3562999999999998
1999-04-30,-0.04690000000000019,-0.09959999999999995,-0.15090000000000023,-0.254,-0.3695999999999994
1999-05-31,-0.04849999999999994,-0.10499999999999951,-0.15989999999999993,-0.2719999999999994,-0.39480000000000065
1999-06-30,-0.05099999999999995,-0.11240000000000021,-0.1709999999999999,-0.2905,-0.4234999999999996
1999-07-31,-0.0502999999999997,-0.11099999999999997,-0.16860000000000003,-0.28400000000000025,-0.41579999999999995
1999-08-31,-0.05199999999999959,-0.11360000000000012,-0.1730999999999995,-0.29200000000000015,-0.43050000000000027
1999-09-30,-0.05250000000000026,-0.11319999999999972,-0.17250000000000035,-0.2900000000000002,-0.42839999999999945
1999-10-31,-0.05430000000000049,-0.11720000000000046,-0.17819999999999991,-0.30150000000000066,-0.4430999999999992
1999-11-30,-0.055499999999999605,-0.11720000000000046,-0.1775999999999997,-0.2985000000000004,-0.43190000000000006
1999-12-31,-0.058399999999999966,-0.1220000000000001,-0.18420000000000028,-0.30950000000000005,-0.4465999999999999
2000-01-31,-0.06119999999999989,-0.12879999999999955,-0.19469999999999976,-0.32900000000000057,-0.46899999999999964
2000-02-29,-0.062200000000000394,-0.13219999999999987,-0.19949999999999996,-0.33399999999999935,-0.4704000000000002
2000-03-31,-0.062200000000000394,-0.13059999999999986,-0.19589999999999952,-0.3250000000000003,-0.45569999999999933
2000-04-30,-0.06149999999999969,-0.12799999999999978,-0.19080000000000044,-0.31299999999999994,-0.4388999999999994
2000-05-31,-0.06329999999999993,-0.13619999999999946,-0.20309999999999942,-0.3344999999999996,-0.46830000000000044
2000-06-30,-0.0616999999999999,-0.12960000000000035,-0.19290000000000043,-0.31499999999999967,-0.4430999999999992
2000-07-31,-0.06080000000000027,-0.12680000000000022,-0.18840000000000054,-0.3090000000000005,-0.43540000000000045
2000-08-31,-0.06180000000000011,-0.12459999999999967,-0.18510000000000046,-0.3029999999999993,-0.4234999999999996
2000-09-30,-0.061300000000000326,-0.12160000000000017,-0.18060000000000012,-0.29650000000000043,-0.4185999999999999
2000-10-31,-0.06010000000000001,-0.11819999999999958,-0.17549999999999977,-0.2890000000000005,-0.40879999999999955
2000-11-30,-0.06090000000000037,-0.11759999999999975,-0.17369999999999997,-0.2849999999999996,-0.4045999999999996
2000-12-31,-0.05600000000000033,-0.10699999999999954,-0.15779999999999947,-0.2584999999999998,-0.3695999999999994
2001-01-31,-0.04810000000000008,-0.09519999999999999,-0.14310000000000034,-0.24300000000000055,-0.3590999999999997
2001-02-28,-0.04680000000000034,-0.09320000000000055,-0.14129999999999968,-0.24449999999999972,-0.357
2001-03-31,-0.04299999999999969,-0.08680000000000011,-0.13290000000000046,-0.2319999999999996,-0.34160000000000007
2001-04-30,-0.03979999999999955,-0.0846000000000001,-0.13260000000000027,-0.2380000000000006,-0.3520999999999996
2001-05-31,-0.037800000000000236,-0.08520000000000016,-0.13529999999999953,-0.24649999999999955,-0.3668000000000004
2001-06-30,-0.03579999999999972,-0.08159999999999971,-0.13050000000000056,-0.2404999999999996,-0.3598000000000001
2001-07-31,-0.036200000000000114,-0.08080000000000045,-0.1292999999999998,-0.2380000000000006,-0.3541999999999994
2001-08-31,-0.03470000000000005,-0.07519999999999999,-0.1211999999999999,-0.2284999999999996,-0.3387999999999994
2001-09-30,-0.028199999999999566,-0.062400000000000004,-0.1035000000000005,-0.20599999999999966,-0.3157000000000004
2001-10-31,-0.023299999999999516,-0.054599999999999926,-0.09420000000000045,-0.19550000000000045,-0.3016999999999999
2001-11-30,-0.021800000000000378,-0.05560000000000005,-0.09659999999999996,-0.19849999999999976,-0.3094
2001-12-31,-0.022200000000000275,-0.062200000000000394,-0.10860000000000024,-0.21949999999999956,-0.3401999999999996
2002-01-31,-0.021599999999999907,-0.06059999999999975,-0.10680000000000012,-0.21700000000000053,-0.33530000000000043
2002-02-28,-0.022300000000000507,-0.06040000000000024,-0.10650000000000051,-0.21499999999999986,-0.32970000000000016
2002-03-31,-0.025699999999999824,-0.07119999999999951,-0.12420000000000048,-0.23699999999999966,-0.3598000000000001
2002-04-30,-0.024800000000000003,-0.06840000000000014,-0.12030000000000017,-0.23250000000000012,-0.3513999999999994
2002-05-31,-0.023499999999999844,-0.06519999999999987,-0.11400000000000039,-0.22449999999999992,-0.34299999999999947
2002-06-30,-0.021999999999999995,-0.05980000000000001,-0.10469999999999974,-0.2095000000000003,-0.32199999999999984
2002-07-31,-0.019600000000000416,-0.0511999999999999,-0.09029999999999978,-0.19050000000000022,-0.30099999999999943
2002-08-31,-0.01760000000000008,-0.04260000000000048,-0.07560000000000053,-0.1644999999999994,-0.27159999999999945
2002-09-30,-0.01709999999999974,-0.040000000000000265,-0.06959999999999968,-0.14700000000000052,-0.24500000000000016
2002-10-31,-0.01650000000000037,-0.03819999999999949,-0.06750000000000053,-0.14750000000000046,-0.2478000000000003
2002-11-30,-0.014899999999999839,-0.038400000000000434,-0.06959999999999968,-0.15249999999999966,-0.2548000000000005
2002-12-31,-0.014500000000000348,-0.03679999999999994,-0.06690000000000014,-0.1514999999999999,-0.2541000000000002
2003-01-31,-0.013600000000000055,-0.03479999999999986,-0.06540000000000014,-0.15249999999999966,-0.25200000000000017
2003-02-28,-0.012999999999999555,-0.03259999999999978,-0.06149999999999969,-0.14500000000000038,-0.24150000000000002
2003-03-31,-0.012400000000000374,-0.031400000000000344,-0.059399999999999925,-0.13899999999999957,-0.2337999999999994
2003-04-30,-0.012699999999999908,-0.03239999999999978,-0.06180000000000011,-0.14650000000000032,-0.24289999999999987
2003-05-31,-0.011799999999999684,-0.028399999999999676,-0.05250000000000026,-0.1260000000000001,-0.21490000000000034
2003-06-30,-0.010100000000000305,-0.024600000000000313,-0.04530000000000005,-0.11350000000000002,-0.1987999999999999
2003-07-31,-0.011200000000000487,-0.02939999999999963,-0.05790000000000023,-0.14349999999999966,-0.24150000000000002
2003-08-31,-0.013099999999999725,-0.0371999999999995,-0.07319999999999979,-0.16850000000000048,-0.2772000000000006
2003-09-30,-0.012400000000000374,-0.034199999999999474,-0.06690000000000014,-0.15899999999999948,-0.2617999999999998
2003-10-31,-0.012500000000000436,-0.035000000000000475,-0.06780000000000028,-0.15950000000000034,-0.2624999999999994
2003-11-30,-0.013400000000000441,-0.038599999999999725,-0.07350000000000029,-0.1644999999999994,-0.26669999999999944
2003-12-31,-0.013099999999999725,-0.03819999999999949,-0.07319999999999979,-0.16349999999999987,-0.2652999999999994
2004-01-31,-0.012400000000000374,-0.0351999999999999,-0.06810000000000047,-0.15600000000000053,-0.2554999999999994
2004-02-29,-0.012400000000000374,-0.03479999999999986,-0.06750000000000053,-0.15349999999999983,-0.25130000000000075
2004-03-31,-0.011899999999999952,-0.0315999999999996,-0.05999999999999964,-0.13949999999999949,-0.23169999999999968
2004-04-30,-0.014300000000000479,-0.04140000000000002,-0.07709999999999961,-0.16949999999999946,-0.2723000000000004
2004-05-31,-0.01779999999999961,-0.05059999999999982,-0.09299999999999953,-0.1925000000000004,-0.3016999999999999
2004-06-30,-0.02120000000000042,-0.05520000000000017,-0.09779999999999968,-0.1964999999999996,-0.3045
2004-07-31,-0.020999999999999575,-0.052800000000000506,-0.09150000000000026,-0.18450000000000008,-0.2876999999999998
2004-08-31,-0.02019999999999956,-0.05020000000000009,-0.0863999999999997,-0.17350000000000035,-0.2730000000000004
2004-09-30,-0.02120000000000042,-0.05059999999999982,-0.08489999999999996,-0.16799999999999973,-0.2624999999999994
2004-10-31,-0.022300000000000507,-0.0516000000000003,-0.08549999999999992,-0.16750000000000015,-0.2624999999999994
2004-11-30,-0.024999999999999713,-0.057000000000000356,-0.09269999999999953,-0.17599999999999993,-0.27159999999999945
2004-12-31,-0.02670000000000039,-0.060199999999999886,-0.09629999999999947,-0.18000000000000002,-0.27509999999999996
2005-01-31,-0.028600000000000493,-0.06439999999999974,-0.10170000000000026,-0.1854999999999995,-0.2779000000000004
2005-02-28,-0.03030000000000001,-0.06759999999999972,-0.10619999999999967,-0.1885,-0.2779000000000004
2005-03-31,-0.033,-0.0746000000000002,-0.11730000000000021,-0.20849999999999966,-0.3030999999999998
2005-04-30,-0.03320000000000046,-0.07299999999999973,-0.11370000000000054,-0.19999999999999976,-0.2912000000000004
2005-05-31,-0.03329999999999987,-0.07280000000000006,-0.11160000000000045,-0.1925000000000004,-0.27580000000000005
2005-06-30,-0.033600000000000164,-0.07280000000000006,-0.11039999999999983,-0.1885,-0.2701999999999999
2005-07-31,-0.03639999999999979,-0.07739999999999989,-0.11730000000000021,-0.19899999999999948,-0.28420000000000023
2005-08-31,-0.03869999999999977,-0.08080000000000045,-0.1223999999999999,-0.20599999999999966,-0.29259999999999997
2005-09-30,-0.0384999999999995,-0.0789999999999998,-0.11880000000000025,-0.20050000000000034,-0.2856000000000004
2005-10-31,-0.04180000000000027,-0.08540000000000006,-0.12869999999999995,-0.21649999999999953,-0.30660000000000004
2005-11-30,-0.04329999999999977,-0.08840000000000038,-0.13290000000000046,-0.22249999999999967,-0.3135999999999998
2005-12-31,-0.04349999999999997,-0.08799999999999965,-0.13169999999999973,-0.21949999999999956,-0.30870000000000003
2006-01-31,-0.044399999999999516,-0.08799999999999965,-0.13050000000000056,-0.2174999999999998,-0.3052000000000002
2006-02-28,-0.04680000000000034,-0.09339999999999972,-0.13920000000000027,-0.2284999999999996,-0.3191999999999998
2006-03-31,-0.04769999999999986,-0.0946000000000004,-0.14220000000000024,-0.23599999999999963,-0.32970000000000016
2006-04-30,-0.048999999999999856,-0.09779999999999968,-0.14670000000000055,-0.24500000000000016,-0.34580000000000016
2006-05-31,-0.04989999999999975,-0.09940000000000045,-0.14910000000000045,-0.24999999999999983,-0.3520999999999996
2006-06-30,-0.0516000000000003,-0.10240000000000012,-0.15269999999999953,-0.2534999999999998,-0.35559999999999936
2006-07-31,-0.05219999999999964,-0.10240000000000012,-0.15209999999999957,-0.25200000000000017,-0.35349999999999987
2006-08-31,-0.050799999999999935,-0.09799999999999986,-0.14550000000000055,-0.2409999999999994,-0.33809999999999996
2006-09-30,-0.04970000000000023,-0.09539999999999987,-0.14069999999999971,-0.23350000000000057,-0.32759999999999956
2006-10-31,-0.050099999999999506,-0.0960000000000002,-0.14160000000000056,-0.2345000000000005,-0.32830000000000037
2006-11-30,-0.050099999999999506,-0.09480000000000036,-0.13920000000000027,-0.22899999999999993,-0.3206
2006-12-31,-0.049400000000000215,-0.09339999999999972,-0.1373999999999995,-0.22650000000000017,-0.3178000000000004
2007-01-31,-0.05059999999999982,-0.0975999999999997,-0.1437000000000003,-0.23749999999999954,-0.3324999999999996
2007-02-28,-0.05049999999999991,-0.09699999999999959,-0.1424999999999999,-0.23550000000000024,-0.32970000000000016
2007-03-31,-0.04920000000000029,-0.09140000000000013,-0.13529999999999953,-0.2240000000000002,-0.31499999999999967
2007-04-30,-0.049299999999999664,-0.09339999999999972,-0.13800000000000037,-0.22949999999999984,-0.32339999999999985
2007-05-31,-0.04909999999999992,-0.09539999999999987,-0.14069999999999971,-0.23350000000000057,-0.32830000000000037
2007-06-30,-0.0495999999999997,-0.09959999999999995,-0.14999999999999974,-0.2514999999999994,-0.35349999999999987
2007-07-31,-0.0495999999999997,-0.09639999999999957,-0.1445999999999998,-0.2440000000000006,-0.34509999999999985
2007-08-31,-0.04469999999999988,-0.08620000000000017,-0.13020000000000007,-0.22149999999999984,-0.3170999999999994
2007-09-30,-0.04140000000000002,-0.08019999999999955,-0.12180000000000031,-0.21000000000000016,-0.3030999999999998
2007-10-31,-0.0409999999999999,-0.07940000000000036,-0.12030000000000017,-0.21000000000000016,-0.3030999999999998
2007-11-30,-0.035000000000000475,-0.06679999999999996,-0.10050000000000049,-0.1834999999999996,-0.2709000000000006
2007-12-31,-0.03259999999999978,-0.062400000000000004,-0.09389999999999953,-0.17450000000000052,-0.2617999999999998
2008-01-31,-0.027100000000000336,-0.0495999999999997,-0.07529999999999969,-0.14900000000000027,-0.23169999999999968
2008-02-29,-0.020499999999999862,-0.039400000000000227,-0.06570000000000009,-0.13899999999999957,-0.22470000000000034
2008-03-31,-0.01539999999999975,-0.03239999999999978,-0.054000000000000326,-0.12399999999999986,-0.20510000000000028
2008-04-30,-0.017399999999999596,-0.0409999999999999,-0.06690000000000014,-0.142,-0.22329999999999967
2008-05-31,-0.020599999999999594,-0.048999999999999856,-0.0806999999999997,-0.15749999999999945,-0.24220000000000003
2008-06-30,-0.02420000000000025,-0.05540000000000057,-0.0924000000000002,-0.17450000000000052,-0.2610999999999998
2008-07-31,-0.022800000000000487,-0.051400000000000376,-0.08610000000000015,-0.1649999999999998,-0.25200000000000017
2008-08-31,-0.021800000000000378,-0.04839999999999999,-0.08100000000000002,-0.15700000000000014,-0.24220000000000003
2008-09-30,-0.019100000000000023,-0.041600000000000005,-0.06959999999999968,-0.14400000000000004,-0.22749999999999992
2008-10-31,-0.014200000000000462,-0.032200000000000145,-0.055799999999999884,-0.13650000000000015,-0.22329999999999967
2008-11-30,-0.010699999999999979,-0.02420000000000025,-0.04530000000000005,-0.11450000000000024,-0.19740000000000005
2008-12-31,-0.004899999999999802,-0.016400000000000303,-0.03210000000000014,-0.07600000000000023,-0.13230000000000008
2009-01-31,-0.00439999999999996,-0.016200000000000367,-0.03390000000000005,-0.0799999999999998,-0.1385999999999995
2009-02-28,-0.0062000000000004335,-0.019600000000000416,-0.04109999999999976,-0.09350000000000025,-0.16100000000000017
2009-03-31,-0.0064000000000000315,-0.01860000000000011,-0.03930000000000023,-0.0909999999999998,-0.16940000000000002
2009-04-30,-0.005500000000000075,-0.01860000000000011,-0.039599999999999656,-0.09299999999999953,-0.1728999999999999
2009-05-31,-0.005000000000000328,-0.01860000000000011,-0.04169999999999968,-0.10650000000000051,-0.19669999999999985
2009-06-30,-0.005099999999999592,-0.02359999999999996,-0.052800000000000506,-0.13550000000000031,-0.23590000000000003
2009-07-31,-0.004800000000000215,-0.020400000000000067,-0.04650000000000038,-0.12299999999999985,-0.21980000000000005
2009-08-31,-0.004600000000000214,-0.0223999999999999,-0.04950000000000025,-0.12849999999999995,-0.22470000000000034
2009-09-30,-0.004000000000000434,-0.019200000000000494,-0.044399999999999516,-0.11850000000000051,-0.21140000000000048
2009-10-31,-0.00369999999999955,-0.01900000000000001,-0.043800000000000484,-0.11649999999999945,-0.20720000000000058
2009-11-30,-0.0030999999999999687,-0.01600000000000009,-0.039599999999999656,-0.1114999999999998,-0.20440000000000005
2009-12-31,-0.00369999999999955,-0.017399999999999596,-0.04140000000000002,-0.11700000000000037,-0.21490000000000034
2010-01-31,-0.0034999999999999103,-0.01860000000000011,-0.04469999999999988,-0.12399999999999986,-0.22470000000000034
2010-02-28,-0.0034999999999999103,-0.017199999999999577,-0.04199999999999958,-0.11800000000000037,-0.2183999999999998
2010-03-31,-0.004000000000000434,-0.019200000000000494,-0.04530000000000005,-0.12150000000000041,-0.2211999999999999
2010-04-30,-0.00439999999999996,-0.02120000000000042,-0.04920000000000029,-0.12900000000000014,-0.22960000000000058
2010-05-31,-0.00369999999999955,-0.01660000000000028,-0.039599999999999656,-0.10900000000000049,-0.20019999999999963
2010-06-30,-0.003199999999999939,-0.014400000000000024,-0.03509999999999985,-0.09999999999999958,-0.1862000000000003
2010-07-31,-0.0028999999999999334,-0.012400000000000374,-0.02939999999999963,-0.08799999999999965,-0.17009999999999947
2010-08-31,-0.0025999999999997575,-0.010399999999999599,-0.023400000000000434,-0.07350000000000029,-0.14700000000000052
2010-09-30,-0.0025999999999997575,-0.009599999999999956,-0.022200000000000275,-0.07050000000000033,-0.14349999999999966
2010-10-31,-0.002300000000000136,-0.00760000000000037,-0.01709999999999974,-0.05899999999999968,-0.12950000000000048
2010-11-30,-0.0025000000000001505,-0.00899999999999968,-0.020099999999999677,-0.06750000000000053,-0.14139999999999975
2010-12-31,-0.0028999999999999334,-0.012400000000000374,-0.02970000000000011,-0.09649999999999978,-0.1862000000000003
2011-01-31,-0.0027000000000001016,-0.012200000000000027,-0.030899999999999973,-0.09949999999999998,-0.19039999999999957
2011-02-28,-0.0028999999999999334,-0.01539999999999975,-0.038400000000000434,-0.1129999999999995,-0.20720000000000058
2011-03-31,-0.0025999999999997575,-0.0139999999999999,-0.03509999999999985,-0.10550000000000041,-0.1959999999999995
2011-04-30,-0.0025000000000001505,-0.01459999999999999,-0.03629999999999977,-0.10849999999999997,-0.1987999999999999
2011-05-31,-0.0019000000000001184,-0.011200000000000487,-0.028199999999999566,-0.0920000000000004,-0.17570000000000047
2011-06-30,-0.0018000000000002836,-0.008199999999999888,-0.021300000000000048,-0.0789999999999998,-0.1602999999999996
2011-07-31,-0.0019000000000001184,-0.008199999999999888,-0.020400000000000067,-0.0770000000000004,-0.15960000000000052
2011-08-31,-0.0010999999999997054,-0.004600000000000214,-0.01139999999999991,-0.05099999999999995,-0.1141000000000002
2011-09-30,-0.0009999999999999697,-0.004200000000000465,-0.010500000000000283,-0.04499999999999994,-0.09940000000000045
2011-10-31,-0.0010999999999997054,-0.005599999999999889,-0.014099999999999944,-0.05300000000000022,-0.11339999999999988
2011-11-30,-0.0010999999999997054,-0.005000000000000328,-0.011699999999999901,-0.04550000000000048,-0.10149999999999959
2011-12-31,-0.0012000000000004305,-0.005199999999999732,-0.011699999999999901,-0.044499999999999804,-0.10010000000000027
2012-01-31,-0.0010999999999997054,-0.004800000000000215,-0.010800000000000172,-0.04150000000000029,-0.09659999999999996
2012-02-29,-0.0016000000000002857,-0.005599999999999889,-0.01139999999999991,-0.04150000000000029,-0.09589999999999949
2012-03-31,-0.0019000000000001184,-0.006799999999999711,-0.01530000000000036,-0.05099999999999995,-0.10919999999999955
2012-04-30,-0.0018000000000002836,-0.005799999999999743,-0.012899999999999827,-0.044499999999999804,-0.10010000000000027
2012-05-31,-0.0019000000000001184,-0.005799999999999743,-0.011699999999999901,-0.03799999999999955,-0.08470000000000022
2012-06-30,-0.0019000000000001184,-0.005799999999999743,-0.011699999999999901,-0.0354999999999995,-0.07560000000000053
2012-07-31,-0.0019000000000001184,-0.005000000000000328,-0.009900000000000185,-0.030999999999999892,-0.06860000000000015
2012-08-31,-0.0018000000000002836,-0.005400000000000207,-0.011099999999999671,-0.0354999999999995,-0.07979999999999988
2012-09-30,-0.0018000000000002836,-0.005199999999999732,-0.010199999999999902,-0.03349999999999994,-0.07839999999999962
2012-10-31,-0.0018000000000002836,-0.005599999999999889,-0.011099999999999671,-0.0354999999999995,-0.08049999999999953
2012-11-30,-0.0018000000000002836,-0.005400000000000207,-0.010500000000000283,-0.033,-0.07560000000000053
2012-12-31,-0.0016000000000002857,-0.005199999999999732,-0.010500000000000283,-0.035000000000000475,-0.07909999999999996
2013-01-31,-0.0014999999999998777,-0.005400000000000207,-0.011699999999999901,-0.04049999999999998,-0.0909999999999998
2013-02-28,-0.0016000000000002857,-0.005400000000000207,-0.011999999999999574,-0.04249999999999995,-0.09450000000000004
2013-03-31,-0.0014999999999998777,-0.005199999999999732,-0.011699999999999901,-0.0409999999999999,-0.0924000000000002
2013-04-30,-0.0012000000000004305,-0.004600000000000214,-0.010199999999999902,-0.0354999999999995,-0.08049999999999953
2013-05-31,-0.0012000000000004305,-0.005000000000000328,-0.011999999999999574,-0.04199999999999958,-0.09170000000000053
2013-06-30,-0.0013999999999996827,-0.006600000000000116,-0.017399999999999596,-0.05999999999999964,-0.11969999999999967
2013-07-31,-0.0012000000000004305,-0.006799999999999711,-0.019200000000000494,-0.07000000000000019,-0.1392999999999996
2013-08-31,-0.001300000000000273,-0.007200000000000406,-0.020999999999999575,-0.07600000000000023,-0.15050000000000013
2013-09-30,-0.0012000000000004305,-0.007999999999999636,-0.023400000000000434,-0.0799999999999998,-0.15540000000000012
2013-10-31,-0.0012000000000004305,-0.006799999999999711,-0.018899999999999573,-0.06849999999999974,-0.1392999999999996
2013-11-30,-0.0012000000000004305,-0.006000000000000211,-0.017399999999999596,-0.06849999999999974,-0.14490000000000006
2013-12-31,-0.001300000000000273,-0.006799999999999711,-0.02069999999999961,-0.0789999999999998,-0.1602999999999996
2014-01-31,-0.0012000000000004305,-0.007800000000000074,-0.023400000000000434,-0.08249999999999955,-0.1602999999999996
2014-02-28,-0.0012000000000004305,-0.006600000000000116,-0.02069999999999961,-0.07600000000000023,-0.15050000000000013
2014-03-31,-0.001300000000000273,-0.007999999999999636,-0.024600000000000313,-0.08199999999999959,-0.15609999999999968
2014-04-30,-0.0010999999999997054,-0.008400000000000346,-0.026400000000000187,-0.08500000000000034,-0.15890000000000049
2014-05-31,-0.0009999999999999697,-0.007800000000000074,-0.024899999999999606,-0.07950000000000043,-0.14840000000000056
2014-06-30,-0.0009999999999999697,-0.00899999999999968,-0.026999999999999778,-0.08399999999999966,-0.15329999999999946
2014-07-31,-0.0010999999999997054,-0.010199999999999902,-0.02909999999999962,-0.08500000000000034,-0.15190000000000017
2014-08-31,-0.0010999999999997054,-0.00939999999999978,-0.027899999999999897,-0.08150000000000025,-0.14560000000000056
2014-09-30,-0.0010999999999997054,-0.01139999999999991,-0.031499999999999674,-0.08849999999999954,-0.15540000000000012
2014-10-31,-0.0009999999999999697,-0.00899999999999968,-0.026400000000000187,-0.0774999999999998,-0.1385999999999995
2014-11-30,-0.001300000000000273,-0.010600000000000135,-0.028799999999999732,-0.08100000000000002,-0.14210000000000017
2014-12-31,-0.002100000000000042,-0.012799999999999562,-0.03180000000000048,-0.08199999999999959,-0.1385999999999995
2015-01-31,-0.002000000000000099,-0.010999999999999744,-0.026999999999999778,-0.06849999999999974,-0.11689999999999987
2015-02-28,-0.002199999999999975,-0.012400000000000374,-0.02970000000000011,-0.07350000000000029,-0.12529999999999963
2015-03-31,-0.0025000000000001505,-0.012799999999999562,-0.030600000000000366,-0.07600000000000023,-0.12879999999999955
2015-04-30,-0.002300000000000136,-0.010800000000000172,-0.026100000000000484,-0.06750000000000053,-0.11830000000000053
2015-05-31,-0.0023999999999997517,-0.012200000000000027,-0.02939999999999963,-0.0770000000000004,-0.13509999999999947
2015-06-30,-0.0027999999999999176,-0.013800000000000217,-0.03210000000000014,-0.08399999999999966,-0.14700000000000052
2015-07-31,-0.0029999999999999753,-0.013400000000000441,-0.030899999999999973,-0.08150000000000025,-0.14280000000000018
2015-08-31,-0.003800000000000177,-0.0139999999999999,-0.030899999999999973,-0.0770000000000004,-0.13369999999999987
2015-09-30,-0.00369999999999955,-0.014200000000000462,-0.03030000000000001,-0.07450000000000044,-0.13160000000000022
2015-10-31,-0.0025999999999997575,-0.012799999999999562,-0.027899999999999897,-0.06950000000000002,-0.12320000000000002
2015-11-30,-0.004800000000000215,-0.01760000000000008,-0.03600000000000007,-0.08350000000000052,-0.14139999999999975
2015-12-31,-0.006499999999999664,-0.019600000000000416,-0.038400000000000434,-0.08500000000000034,-0.14280000000000018
2016-01-31,-0.005400000000000207,-0.017999999999999725,-0.034199999999999474,-0.07600000000000023,-0.12950000000000048
2016-02-29,-0.005299999999999864,-0.01459999999999999,-0.026999999999999778,-0.0609999999999997,-0.10710000000000011
2016-03-31,-0.006600000000000116,-0.01760000000000008,-0.031199999999999634,-0.06899999999999999,-0.11759999999999975
2016-04-30,-0.005599999999999889,-0.01539999999999975,-0.02759999999999987,-0.06300000000000025,-0.10989999999999991
2016-05-31,-0.005900000000000117,-0.016400000000000303,-0.02909999999999962,-0.06500000000000047,-0.11200000000000031
2016-06-30,-0.005500000000000075,-0.01459999999999999,-0.025800000000000094,-0.05849999999999958,-0.10080000000000024
2016-07-31,-0.005099999999999592,-0.013400000000000441,-0.023700000000000266,-0.05350000000000017,-0.09309999999999953
2016-08-31,-0.005700000000000279,-0.014799999999999652,-0.025500000000000116,-0.056499999999999814,-0.09799999999999986
2016-09-30,-0.005900000000000117,-0.01539999999999975,-0.026999999999999778,-0.05899999999999968,-0.1022000000000001
2016-10-31,-0.006600000000000116,-0.016800000000000263,-0.02970000000000011,-0.06349999999999996,-0.10919999999999955
2016-11-30,-0.007400000000000064,-0.019600000000000416,-0.036600000000000146,-0.0799999999999998,-0.13509999999999947
2016-12-31,-0.008699999999999559,-0.02400000000000036,-0.04469999999999988,-0.09799999999999986,-0.1602999999999996
2017-01-31,-0.00829999999999989,-0.02420000000000025,-0.044399999999999516,-0.0960000000000002,-0.15609999999999968
2017-02-28,-0.008199999999999888,-0.02400000000000036,-0.04409999999999966,-0.09500000000000049,-0.15540000000000012
2017-03-31,-0.010100000000000305,-0.026200000000000376,-0.04769999999999986,-0.10050000000000049,-0.16100000000000017
2017-04-30,-0.010399999999999599,-0.024800000000000003,-0.043199999999999884,-0.0909999999999998,-0.14700000000000052
2017-05-31,-0.011200000000000487,-0.026000000000000297,-0.044399999999999516,-0.0920000000000004,-0.1476999999999994
2017-06-30,-0.011999999999999574,-0.026800000000000417,-0.04469999999999988,-0.08849999999999954,-0.14069999999999971
2017-07-31,-0.012200000000000027,-0.02739999999999991,-0.04620000000000039,-0.09350000000000025,-0.14910000000000045
2017-08-31,-0.012300000000000103,-0.026800000000000417,-0.044399999999999516,-0.08900000000000005,-0.14210000000000017
2017-09-30,-0.012799999999999562,-0.02759999999999987,-0.04530000000000005,-0.09000000000000025,-0.14210000000000017
2017-10-31,-0.0139999999999999,-0.030999999999999892,-0.050400000000000215,-0.0989999999999995,-0.15400000000000044
2017-11-30,-0.01560000000000023,-0.033999999999999676,-0.05430000000000049,-0.10249999999999947,-0.15609999999999968
2017-12-31,-0.016999999999999654,-0.03679999999999994,-0.058799999999999505,-0.10900000000000049,-0.16239999999999974
2018-01-31,-0.017999999999999725,-0.04059999999999958,-0.06449999999999975,-0.11900000000000009,-0.17570000000000047
2018-02-28,-0.019600000000000416,-0.043600000000000014,-0.07080000000000053,-0.1300000000000004,-0.19460000000000033
2018-03-31,-0.020599999999999594,-0.045600000000000036,-0.07260000000000023,-0.13149999999999976,-0.19390000000000057
2018-04-30,-0.02149999999999962,-0.04760000000000051,-0.07560000000000053,-0.13500000000000054,-0.19740000000000005
2018-05-31,-0.022699999999999852,-0.05020000000000009,-0.07979999999999988,-0.1409999999999999,-0.20510000000000028
2018-06-30,-0.023299999999999516,-0.05059999999999982,-0.07950000000000043,-0.13899999999999957,-0.20090000000000036
2018-07-31,-0.02390000000000034,-0.05219999999999964,-0.08100000000000002,-0.13899999999999957,-0.19949999999999996
2018-08-31,-0.02450000000000033,-0.052800000000000506,-0.08130000000000025,-0.1385000000000003,-0.1987999999999999
2018-09-30,-0.025599999999999904,-0.05540000000000057,-0.08520000000000016,-0.14449999999999982,-0.20720000000000058
2018-10-31,-0.026500000000000017,-0.057200000000000015,-0.08819999999999949,-0.14999999999999974,-0.21629999999999955
2018-11-30,-0.026999999999999778,-0.057200000000000015,-0.08729999999999986,-0.14750000000000046,-0.21280000000000004
2018-12-31,-0.026600000000000398,-0.05360000000000053,-0.08009999999999995,-0.13400000000000006,-0.1925000000000004
2019-01-31,-0.025800000000000094,-0.050799999999999935,-0.07560000000000053,-0.12699999999999997,-0.18269999999999983
2019-02-28,-0.025500000000000116,-0.049999999999999996,-0.0744000000000004,-0.12450000000000022,-0.17990000000000045
2019-03-31,-0.024899999999999606,-0.048200000000000236,-0.0710999999999995,-0.11850000000000051,-0.1728999999999999
2019-04-30,-0.02420000000000025,-0.04680000000000034,-0.06930000000000044,-0.11649999999999945,-0.17009999999999947
2019-05-31,-0.023400000000000434,-0.04420000000000033,-0.0647999999999996,-0.10950000000000003,-0.1602999999999996
2019-06-30,-0.020000000000000278,-0.036200000000000114,-0.05340000000000027,-0.09150000000000026,-0.13650000000000015
2019-07-31,-0.019600000000000416,-0.03679999999999994,-0.054000000000000326,-0.09150000000000026,-0.13509999999999947
2019-08-31,-0.017699999999999685,-0.031400000000000344,-0.04530000000000005,-0.07450000000000044,-0.10849999999999997
2019-09-30,-0.017999999999999725,-0.033,-0.04769999999999986,-0.07850000000000017,-0.11480000000000012
2019-10-31,-0.016100000000000177,-0.030999999999999892,-0.04589999999999972,-0.07650000000000007,-0.11339999999999988
2019-11-30,-0.01570000000000004,-0.032200000000000145,-0.04830000000000017,-0.08199999999999959,-0.12180000000000031
2019-12-31,-0.015499999999999937,-0.032200000000000145,-0.0489000000000001,-0.08399999999999966,-0.12529999999999963
2020-01-31,-0.01530000000000036,-0.030400000000000024,-0.045600000000000036,-0.07800000000000025,-0.11689999999999987
2020-02-29,-0.014099999999999944,-0.026600000000000398,-0.03930000000000023,-0.06599999999999988,-0.09940000000000045
2020-03-31,-0.003300000000000123,-0.00899999999999968,-0.014999999999999677,-0.029500000000000262,-0.054599999999999926
2020-04-30,-0.0018000000000002836,-0.00439999999999996,-0.008400000000000346,-0.01950000000000023,-0.0384999999999995
2020-05-31,-0.0016000000000002857,-0.003399999999999634,-0.006600000000000116,-0.016999999999999654,-0.037099999999999654
2020-06-30,-0.0018000000000002836,-0.003800000000000177,-0.006600000000000116,-0.016999999999999654,-0.0384999999999995
2020-07-31,-0.0014999999999998777,-0.0029999999999999753,-0.005099999999999592,-0.0139999999999999,-0.032200000000000145
2020-08-31,-0.001300000000000273,-0.0027999999999999176,-0.004800000000000215,-0.013499999999999644,-0.032200000000000145
2020-09-30,-0.001300000000000273,-0.0025999999999997575,-0.004800000000000215,-0.013499999999999644,-0.032200000000000145
2020-10-31,-0.001300000000000273,-0.0029999999999999753,-0.005700000000000279,-0.016999999999999654,-0.0384999999999995
2020-11-30,-0.0012000000000004305,-0.003399999999999634,-0.006600000000000116,-0.01950000000000023,-0.04409999999999966
2020-12-31,-0.0009999999999999697,-0.0027999999999999176,-0.005700000000000279,-0.01950000000000023,-0.04620000000000039
2021-01-31,-0.0009999999999999697,-0.0025999999999997575,-0.006000000000000211,-0.022500000000000363,-0.053899999999999886
2021-02-28,-0.0007000000000003618,-0.0023999999999997517,-0.006299999999999685,-0.026999999999999778,-0.06370000000000006
2021-03-31,-0.0007999999999996762,-0.0029999999999999753,-0.009599999999999956,-0.0409999999999999,-0.08889999999999976
